file_path,label_name,label_id,video_name,num_frames_raw,num_detected_frames,status
D:\deep_learning_datasets\deep_learning\data\keypoints\a_0000.npy,a,0,a_0000000.mp4,73,50,ok
D:\deep_learning_datasets\deep_learning\data\keypoints\a_0001.npy,a,0,a_0000001.mp4,82,59,ok
D:\deep_learning_datasets\deep_learning\data\keypoints\a_0002.npy,a,0,a_0000002.mp4,80,53,ok
D:\deep_learning_datasets\deep_learning\data\keypoints\a_0003.npy,a,0,a_0000003.mp4,67,40,ok
D:\deep_learning_datasets\deep_learning\data\keypoints\a_0004.npy,a,0,a_0000004.mp4,73,43,ok
D:\deep_learning_datasets\deep_learning\data\keypoints\a_0005.npy,a,0,a_0000005.mp4,65,40,ok
D:\deep_learning_datasets\deep_learning\data\keypoints\a_0006.npy,a,0,a_0000006.mp4,80,50,ok
D:\deep_learning_datasets\deep_learning\data\keypoints\a_0007.npy,a,0,a_0000007.mp4,61,41,ok
D:\deep_learning_datasets\deep_learning\data\keypoints\a_0008.npy,a,0,a_0000008.mp4,69,40,ok
D:\deep_learning_datasets\deep_learning\data\keypoints\a_0009.npy,a,0,a_0000009.mp4,83,59,ok
D:\deep_learning_datasets\deep_learning\data\keypoints\a_0010.npy,a,0,a_000001.mp4,36,18,ok
D:\deep_learning_datasets\deep_learning\data\keypoints\a_0011.npy,a,0,a_0000010.mp4,80,50,ok
D:\deep_learning_datasets\deep_learning\data\keypoints\a_0012.npy,a,0,a_0000011.mp4,73,44,ok
D:\deep_learning_datasets\deep_learning\data\keypoints\a_0013.npy,a,0,a_0000012.mp4,90,51,ok
D:\deep_learning_datasets\deep_learning\data\keypoints\a_0014.npy,a,0,a_0000013.mp4,86,55,ok
D:\deep_learning_datasets\deep_learning\data\keypoints\a_0015.npy,a,0,a_0000014.mp4,89,52,ok
D:\deep_learning_datasets\deep_learning\data\keypoints\a_0016.npy,a,0,a_0000015.mp4,98,56,ok
D:\deep_learning_datasets\deep_learning\data\keypoints\a_0017.npy,a,0,a_0000016.mp4,83,43,ok
D:\deep_learning_datasets\deep_learning\data\keypoints\a_0018.npy,a,0,a_0000017.mp4,86,45,ok
D:\deep_learning_datasets\deep_learning\data\keypoints\a_0019.npy,a,0,a_0000018.mp4,84,44,ok
D:\deep_learning_datasets\deep_learning\data\keypoints\a_0020.npy,a,0,a_0000019.mp4,75,47,ok
D:\deep_learning_datasets\deep_learning\data\keypoints\a_0021.npy,a,0,a_000002.mp4,58,30,ok
D:\deep_learning_datasets\deep_learning\data\keypoints\a_0022.npy,a,0,a_000003.mp4,37,19,ok
D:\deep_learning_datasets\deep_learning\data\keypoints\a_0023.npy,a,0,a_000004.mp4,41,26,ok
D:\deep_learning_datasets\deep_learning\data\keypoints\a_0024.npy,a,0,a_000005.mp4,32,27,ok
D:\deep_learning_datasets\deep_learning\data\keypoints\a_0025.npy,a,0,a_000006.mp4,34,27,ok
D:\deep_learning_datasets\deep_learning\data\keypoints\a_0026.npy,a,0,a_000007.mp4,32,26,ok
D:\deep_learning_datasets\deep_learning\data\keypoints\a_0027.npy,a,0,a_000008.mp4,30,28,ok
D:\deep_learning_datasets\deep_learning\data\keypoints\a_0028.npy,a,0,a_000009.mp4,43,22,ok
D:\deep_learning_datasets\deep_learning\data\keypoints\a_0029.npy,a,0,a_00001.mp4,58,23,ok
D:\deep_learning_datasets\deep_learning\data\keypoints\a_0030.npy,a,0,a_000010.mp4,36,33,ok
D:\deep_learning_datasets\deep_learning\data\keypoints\a_0031.npy,a,0,a_000011.mp4,66,49,ok
D:\deep_learning_datasets\deep_learning\data\keypoints\a_0032.npy,a,0,a_000012.mp4,55,34,ok
D:\deep_learning_datasets\deep_learning\data\keypoints\a_0033.npy,a,0,a_000013.mp4,37,32,ok
D:\deep_learning_datasets\deep_learning\data\keypoints\a_0034.npy,a,0,a_000014.mp4,45,25,ok
D:\deep_learning_datasets\deep_learning\data\keypoints\a_0035.npy,a,0,a_000015.mp4,41,20,ok
D:\deep_learning_datasets\deep_learning\data\keypoints\a_0036.npy,a,0,a_000016.mp4,45,27,ok
D:\deep_learning_datasets\deep_learning\data\keypoints\a_0037.npy,a,0,a_000017.mp4,42,19,ok
D:\deep_learning_datasets\deep_learning\data\keypoints\a_0038.npy,a,0,a_000018.mp4,36,23,ok
D:\deep_learning_datasets\deep_learning\data\keypoints\a_0039.npy,a,0,a_000019.mp4,45,24,ok
D:\deep_learning_datasets\deep_learning\data\keypoints\a_0040.npy,a,0,a_00002.mp4,60,26,ok
D:\deep_learning_datasets\deep_learning\data\keypoints\a_0041.npy,a,0,a_000020.mp4,40,21,ok
D:\deep_learning_datasets\deep_learning\data\keypoints\a_0042.npy,a,0,a_00003.mp4,50,24,ok
D:\deep_learning_datasets\deep_learning\data\keypoints\a_0043.npy,a,0,a_00004.mp4,63,34,ok
D:\deep_learning_datasets\deep_learning\data\keypoints\a_0044.npy,a,0,a_00005.mp4,60,31,ok
D:\deep_learning_datasets\deep_learning\data\keypoints\a_0045.npy,a,0,a_00006.mp4,61,30,ok
D:\deep_learning_datasets\deep_learning\data\keypoints\a_0046.npy,a,0,a_00007.mp4,58,30,ok
D:\deep_learning_datasets\deep_learning\data\keypoints\a_0047.npy,a,0,a_00008.mp4,56,32,ok
D:\deep_learning_datasets\deep_learning\data\keypoints\a_0048.npy,a,0,a_00009.mp4,50,24,ok
D:\deep_learning_datasets\deep_learning\data\keypoints\a_0049.npy,a,0,a_0001.mp4,75,49,ok
D:\deep_learning_datasets\deep_learning\data\keypoints\a_0050.npy,a,0,a_00010.mp4,64,30,ok
D:\deep_learning_datasets\deep_learning\data\keypoints\a_0051.npy,a,0,a_00011.mp4,58,25,ok
D:\deep_learning_datasets\deep_learning\data\keypoints\a_0052.npy,a,0,a_00012.mp4,52,26,ok
D:\deep_learning_datasets\deep_learning\data\keypoints\a_0053.npy,a,0,a_00013.mp4,62,31,ok
D:\deep_learning_datasets\deep_learning\data\keypoints\a_0054.npy,a,0,a_00014.mp4,61,27,ok
D:\deep_learning_datasets\deep_learning\data\keypoints\a_0055.npy,a,0,a_00015.mp4,61,28,ok
D:\deep_learning_datasets\deep_learning\data\keypoints\a_0056.npy,a,0,a_00016.mp4,53,21,ok
D:\deep_learning_datasets\deep_learning\data\keypoints\a_0057.npy,a,0,a_00017.mp4,56,23,ok
D:\deep_learning_datasets\deep_learning\data\keypoints\a_0058.npy,a,0,a_00018.mp4,46,21,ok
D:\deep_learning_datasets\deep_learning\data\keypoints\a_0059.npy,a,0,a_00019.mp4,49,29,ok
D:\deep_learning_datasets\deep_learning\data\keypoints\a_0060.npy,a,0,a_0002.mp4,75,49,ok
D:\deep_learning_datasets\deep_learning\data\keypoints\a_0061.npy,a,0,a_00020.mp4,46,21,ok
D:\deep_learning_datasets\deep_learning\data\keypoints\a_0062.npy,a,0,a_0003.mp4,76,66,ok
D:\deep_learning_datasets\deep_learning\data\keypoints\a_0063.npy,a,0,a_0004.mp4,76,55,ok
D:\deep_learning_datasets\deep_learning\data\keypoints\a_0064.npy,a,0,a_0005.mp4,76,67,ok
D:\deep_learning_datasets\deep_learning\data\keypoints\a_0065.npy,a,0,a_0006.mp4,77,77,ok
D:\deep_learning_datasets\deep_learning\data\keypoints\a_0066.npy,a,0,a_0007.mp4,77,77,ok
D:\deep_learning_datasets\deep_learning\data\keypoints\a_0067.npy,a,0,a_0008.mp4,76,72,ok
D:\deep_learning_datasets\deep_learning\data\keypoints\a_0068.npy,a,0,a_0009.mp4,76,76,ok
D:\deep_learning_datasets\deep_learning\data\keypoints\a_0069.npy,a,0,a_0010.mp4,76,64,ok
D:\deep_learning_datasets\deep_learning\data\keypoints\a_0070.npy,a,0,a_0011.mp4,76,76,ok
D:\deep_learning_datasets\deep_learning\data\keypoints\a_0071.npy,a,0,a_0012.mp4,76,67,ok
D:\deep_learning_datasets\deep_learning\data\keypoints\a_0072.npy,a,0,a_0013.mp4,76,64,ok
D:\deep_learning_datasets\deep_learning\data\keypoints\a_0073.npy,a,0,a_0014.mp4,77,61,ok
D:\deep_learning_datasets\deep_learning\data\keypoints\a_0074.npy,a,0,a_0015.mp4,77,61,ok
D:\deep_learning_datasets\deep_learning\data\keypoints\a_0075.npy,a,0,a_0016.mp4,76,65,ok
D:\deep_learning_datasets\deep_learning\data\keypoints\a_0076.npy,a,0,a_0017.mp4,76,76,ok
D:\deep_learning_datasets\deep_learning\data\keypoints\a_0077.npy,a,0,a_0018.mp4,77,56,ok
D:\deep_learning_datasets\deep_learning\data\keypoints\a_0078.npy,a,0,a_0019.mp4,77,77,ok
D:\deep_learning_datasets\deep_learning\data\keypoints\a_0079.npy,a,0,a_0020.mp4,76,76,ok
D:\deep_learning_datasets\deep_learning\data\keypoints\a_0080.npy,a,0,D0489.mp4,93,44,ok
D:\deep_learning_datasets\deep_learning\data\keypoints\aa_0000.npy,aa,1,aa_0000000.mp4,88,67,ok
D:\deep_learning_datasets\deep_learning\data\keypoints\aa_0001.npy,aa,1,aa_0000001.mp4,84,62,ok
D:\deep_learning_datasets\deep_learning\data\keypoints\aa_0002.npy,aa,1,aa_0000002.mp4,97,70,ok
D:\deep_learning_datasets\deep_learning\data\keypoints\aa_0003.npy,aa,1,aa_0000003.mp4,87,67,ok
D:\deep_learning_datasets\deep_learning\data\keypoints\aa_0004.npy,aa,1,aa_0000004.mp4,99,71,ok
D:\deep_learning_datasets\deep_learning\data\keypoints\aa_0005.npy,aa,1,aa_0000005.mp4,102,65,ok
D:\deep_learning_datasets\deep_learning\data\keypoints\aa_0006.npy,aa,1,aa_0000006.mp4,96,67,ok
D:\deep_learning_datasets\deep_learning\data\keypoints\aa_0007.npy,aa,1,aa_0000007.mp4,106,78,ok
D:\deep_learning_datasets\deep_learning\data\keypoints\aa_0008.npy,aa,1,aa_0000008.mp4,100,69,ok
D:\deep_learning_datasets\deep_learning\data\keypoints\aa_0009.npy,aa,1,aa_0000009.mp4,100,65,ok
D:\deep_learning_datasets\deep_learning\data\keypoints\aa_0010.npy,aa,1,aa_000001.mp4,66,45,ok
D:\deep_learning_datasets\deep_learning\data\keypoints\aa_0011.npy,aa,1,aa_0000010.mp4,105,72,ok
D:\deep_learning_datasets\deep_learning\data\keypoints\aa_0012.npy,aa,1,aa_0000011.mp4,94,62,ok
D:\deep_learning_datasets\deep_learning\data\keypoints\aa_0013.npy,aa,1,aa_0000012.mp4,92,67,ok
D:\deep_learning_datasets\deep_learning\data\keypoints\aa_0014.npy,aa,1,aa_0000013.mp4,100,69,ok
D:\deep_learning_datasets\deep_learning\data\keypoints\aa_0015.npy,aa,1,aa_0000014.mp4,95,66,ok
D:\deep_learning_datasets\deep_learning\data\keypoints\aa_0016.npy,aa,1,aa_0000015.mp4,100,66,ok
D:\deep_learning_datasets\deep_learning\data\keypoints\aa_0017.npy,aa,1,aa_0000016.mp4,100,69,ok
D:\deep_learning_datasets\deep_learning\data\keypoints\aa_0018.npy,aa,1,aa_0000017.mp4,96,68,ok
D:\deep_learning_datasets\deep_learning\data\keypoints\aa_0019.npy,aa,1,aa_0000018.mp4,106,70,ok
D:\deep_learning_datasets\deep_learning\data\keypoints\aa_0020.npy,aa,1,aa_0000019.mp4,99,72,ok
D:\deep_learning_datasets\deep_learning\data\keypoints\aa_0021.npy,aa,1,aa_000002.mp4,88,69,ok
D:\deep_learning_datasets\deep_learning\data\keypoints\aa_0022.npy,aa,1,aa_000003.mp4,66,51,ok
D:\deep_learning_datasets\deep_learning\data\keypoints\aa_0023.npy,aa,1,aa_000004.mp4,58,38,ok
D:\deep_learning_datasets\deep_learning\data\keypoints\aa_0024.npy,aa,1,aa_000005.mp4,70,50,ok
D:\deep_learning_datasets\deep_learning\data\keypoints\aa_0025.npy,aa,1,aa_000006.mp4,70,45,ok
D:\deep_learning_datasets\deep_learning\data\keypoints\aa_0026.npy,aa,1,aa_000007.mp4,68,47,ok
D:\deep_learning_datasets\deep_learning\data\keypoints\aa_0027.npy,aa,1,aa_000008.mp4,66,47,ok
D:\deep_learning_datasets\deep_learning\data\keypoints\aa_0028.npy,aa,1,aa_000009.mp4,63,45,ok
D:\deep_learning_datasets\deep_learning\data\keypoints\aa_0029.npy,aa,1,aa_00001.mp4,80,46,ok
D:\deep_learning_datasets\deep_learning\data\keypoints\aa_0030.npy,aa,1,aa_000010.mp4,74,53,ok
D:\deep_learning_datasets\deep_learning\data\keypoints\aa_0031.npy,aa,1,aa_000011.mp4,80,55,ok
D:\deep_learning_datasets\deep_learning\data\keypoints\aa_0032.npy,aa,1,aa_000012.mp4,88,57,ok
D:\deep_learning_datasets\deep_learning\data\keypoints\aa_0033.npy,aa,1,aa_000013.mp4,82,61,ok
D:\deep_learning_datasets\deep_learning\data\keypoints\aa_0034.npy,aa,1,aa_000014.mp4,75,52,ok
D:\deep_learning_datasets\deep_learning\data\keypoints\aa_0035.npy,aa,1,aa_000015.mp4,106,64,ok
D:\deep_learning_datasets\deep_learning\data\keypoints\aa_0036.npy,aa,1,aa_000016.mp4,72,54,ok
D:\deep_learning_datasets\deep_learning\data\keypoints\aa_0037.npy,aa,1,aa_000017.mp4,91,62,ok
D:\deep_learning_datasets\deep_learning\data\keypoints\aa_0038.npy,aa,1,aa_000018.mp4,74,52,ok
D:\deep_learning_datasets\deep_learning\data\keypoints\aa_0039.npy,aa,1,aa_000019.mp4,76,55,ok
D:\deep_learning_datasets\deep_learning\data\keypoints\aa_0040.npy,aa,1,aa_00002.mp4,93,56,ok
D:\deep_learning_datasets\deep_learning\data\keypoints\aa_0041.npy,aa,1,aa_000020.mp4,78,63,ok
D:\deep_learning_datasets\deep_learning\data\keypoints\aa_0042.npy,aa,1,aa_00003.mp4,92,56,ok
D:\deep_learning_datasets\deep_learning\data\keypoints\aa_0043.npy,aa,1,aa_00004.mp4,84,48,ok
D:\deep_learning_datasets\deep_learning\data\keypoints\aa_0044.npy,aa,1,aa_00005.mp4,82,53,ok
D:\deep_learning_datasets\deep_learning\data\keypoints\aa_0045.npy,aa,1,aa_00006.mp4,78,49,ok
D:\deep_learning_datasets\deep_learning\data\keypoints\aa_0046.npy,aa,1,aa_00007.mp4,82,50,ok
D:\deep_learning_datasets\deep_learning\data\keypoints\aa_0047.npy,aa,1,aa_00008.mp4,85,52,ok
D:\deep_learning_datasets\deep_learning\data\keypoints\aa_0048.npy,aa,1,aa_00009.mp4,84,50,ok
D:\deep_learning_datasets\deep_learning\data\keypoints\aa_0049.npy,aa,1,aa_0001.mp4,76,66,ok
D:\deep_learning_datasets\deep_learning\data\keypoints\aa_0050.npy,aa,1,aa_00010.mp4,81,48,ok
D:\deep_learning_datasets\deep_learning\data\keypoints\aa_0051.npy,aa,1,aa_00011.mp4,90,52,ok
D:\deep_learning_datasets\deep_learning\data\keypoints\aa_0052.npy,aa,1,aa_00012.mp4,86,46,ok
D:\deep_learning_datasets\deep_learning\data\keypoints\aa_0053.npy,aa,1,aa_00013.mp4,90,53,ok
D:\deep_learning_datasets\deep_learning\data\keypoints\aa_0054.npy,aa,1,aa_00014.mp4,91,55,ok
D:\deep_learning_datasets\deep_learning\data\keypoints\aa_0055.npy,aa,1,aa_00015.mp4,80,47,ok
D:\deep_learning_datasets\deep_learning\data\keypoints\aa_0056.npy,aa,1,aa_00016.mp4,75,46,ok
D:\deep_learning_datasets\deep_learning\data\keypoints\aa_0057.npy,aa,1,aa_00017.mp4,87,54,ok
D:\deep_learning_datasets\deep_learning\data\keypoints\aa_0058.npy,aa,1,aa_00018.mp4,85,49,ok
D:\deep_learning_datasets\deep_learning\data\keypoints\aa_0059.npy,aa,1,aa_00019.mp4,75,38,ok
D:\deep_learning_datasets\deep_learning\data\keypoints\aa_0060.npy,aa,1,aa_0002.mp4,76,66,ok
D:\deep_learning_datasets\deep_learning\data\keypoints\aa_0061.npy,aa,1,aa_00020.mp4,97,50,ok
D:\deep_learning_datasets\deep_learning\data\keypoints\aa_0062.npy,aa,1,aa_0003.mp4,77,62,ok
D:\deep_learning_datasets\deep_learning\data\keypoints\aa_0063.npy,aa,1,aa_0004.mp4,76,73,ok
D:\deep_learning_datasets\deep_learning\data\keypoints\aa_0064.npy,aa,1,aa_0005.mp4,75,68,ok
D:\deep_learning_datasets\deep_learning\data\keypoints\aa_0065.npy,aa,1,aa_0006.mp4,76,69,ok
D:\deep_learning_datasets\deep_learning\data\keypoints\aa_0066.npy,aa,1,aa_0007.mp4,77,69,ok
D:\deep_learning_datasets\deep_learning\data\keypoints\aa_0067.npy,aa,1,aa_0008.mp4,76,67,ok
D:\deep_learning_datasets\deep_learning\data\keypoints\aa_0068.npy,aa,1,aa_0009.mp4,77,63,ok
D:\deep_learning_datasets\deep_learning\data\keypoints\aa_0069.npy,aa,1,aa_0010.mp4,77,72,ok
D:\deep_learning_datasets\deep_learning\data\keypoints\aa_0070.npy,aa,1,aa_0011.mp4,76,64,ok
D:\deep_learning_datasets\deep_learning\data\keypoints\aa_0071.npy,aa,1,aa_0012.mp4,75,74,ok
D:\deep_learning_datasets\deep_learning\data\keypoints\aa_0072.npy,aa,1,aa_0013.mp4,76,56,ok
D:\deep_learning_datasets\deep_learning\data\keypoints\aa_0073.npy,aa,1,aa_0014.mp4,76,69,ok
D:\deep_learning_datasets\deep_learning\data\keypoints\aa_0074.npy,aa,1,aa_0015.mp4,75,47,ok
D:\deep_learning_datasets\deep_learning\data\keypoints\aa_0075.npy,aa,1,aa_0016.mp4,76,71,ok
D:\deep_learning_datasets\deep_learning\data\keypoints\aa_0076.npy,aa,1,aa_0017.mp4,76,59,ok
D:\deep_learning_datasets\deep_learning\data\keypoints\aa_0077.npy,aa,1,aa_0018.mp4,77,70,ok
D:\deep_learning_datasets\deep_learning\data\keypoints\aa_0078.npy,aa,1,aa_0019.mp4,77,64,ok
D:\deep_learning_datasets\deep_learning\data\keypoints\aa_0079.npy,aa,1,aa_0020.mp4,75,61,ok
D:\deep_learning_datasets\deep_learning\data\keypoints\aa_0080.npy,aa,1,D0491N.mp4,111,58,ok
D:\deep_learning_datasets\deep_learning\data\keypoints\aw_0000.npy,aw,2,aw_0000000.mp4,76,49,ok
D:\deep_learning_datasets\deep_learning\data\keypoints\aw_0001.npy,aw,2,aw_0000001.mp4,90,63,ok
D:\deep_learning_datasets\deep_learning\data\keypoints\aw_0002.npy,aw,2,aw_0000002.mp4,109,83,ok
D:\deep_learning_datasets\deep_learning\data\keypoints\aw_0003.npy,aw,2,aw_0000003.mp4,100,76,ok
D:\deep_learning_datasets\deep_learning\data\keypoints\aw_0004.npy,aw,2,aw_0000004.mp4,115,88,ok
D:\deep_learning_datasets\deep_learning\data\keypoints\aw_0005.npy,aw,2,aw_0000005.mp4,112,85,ok
D:\deep_learning_datasets\deep_learning\data\keypoints\aw_0006.npy,aw,2,aw_0000006.mp4,109,81,ok
D:\deep_learning_datasets\deep_learning\data\keypoints\aw_0007.npy,aw,2,aw_0000007.mp4,110,80,ok
D:\deep_learning_datasets\deep_learning\data\keypoints\aw_0008.npy,aw,2,aw_0000008.mp4,102,72,ok
D:\deep_learning_datasets\deep_learning\data\keypoints\aw_0009.npy,aw,2,aw_0000009.mp4,104,78,ok
D:\deep_learning_datasets\deep_learning\data\keypoints\aw_0010.npy,aw,2,aw_000001.mp4,66,39,ok
D:\deep_learning_datasets\deep_learning\data\keypoints\aw_0011.npy,aw,2,aw_0000010.mp4,100,72,ok
D:\deep_learning_datasets\deep_learning\data\keypoints\aw_0012.npy,aw,2,aw_0000011.mp4,111,85,ok
D:\deep_learning_datasets\deep_learning\data\keypoints\aw_0013.npy,aw,2,aw_0000012.mp4,112,83,ok
D:\deep_learning_datasets\deep_learning\data\keypoints\aw_0014.npy,aw,2,aw_0000013.mp4,119,88,ok
D:\deep_learning_datasets\deep_learning\data\keypoints\aw_0015.npy,aw,2,aw_0000014.mp4,108,77,ok
D:\deep_learning_datasets\deep_learning\data\keypoints\aw_0016.npy,aw,2,aw_0000015.mp4,120,88,ok
D:\deep_learning_datasets\deep_learning\data\keypoints\aw_0017.npy,aw,2,aw_0000016.mp4,112,85,ok
D:\deep_learning_datasets\deep_learning\data\keypoints\aw_0018.npy,aw,2,aw_0000017.mp4,86,62,ok
D:\deep_learning_datasets\deep_learning\data\keypoints\aw_0019.npy,aw,2,aw_0000018.mp4,105,79,ok
D:\deep_learning_datasets\deep_learning\data\keypoints\aw_0020.npy,aw,2,aw_0000019.mp4,99,75,ok
D:\deep_learning_datasets\deep_learning\data\keypoints\aw_0021.npy,aw,2,aw_000002.mp4,66,38,ok
D:\deep_learning_datasets\deep_learning\data\keypoints\aw_0022.npy,aw,2,aw_000003.mp4,60,31,ok
D:\deep_learning_datasets\deep_learning\data\keypoints\aw_0023.npy,aw,2,aw_000004.mp4,62,31,ok
D:\deep_learning_datasets\deep_learning\data\keypoints\aw_0024.npy,aw,2,aw_000005.mp4,73,34,ok
D:\deep_learning_datasets\deep_learning\data\keypoints\aw_0025.npy,aw,2,aw_000006.mp4,72,32,ok
D:\deep_learning_datasets\deep_learning\data\keypoints\aw_0026.npy,aw,2,aw_000007.mp4,60,29,ok
D:\deep_learning_datasets\deep_learning\data\keypoints\aw_0027.npy,aw,2,aw_000008.mp4,62,32,ok
D:\deep_learning_datasets\deep_learning\data\keypoints\aw_0028.npy,aw,2,aw_000009.mp4,64,29,ok
D:\deep_learning_datasets\deep_learning\data\keypoints\aw_0029.npy,aw,2,aw_00001.mp4,76,29,ok
D:\deep_learning_datasets\deep_learning\data\keypoints\aw_0030.npy,aw,2,aw_000010.mp4,69,36,ok
D:\deep_learning_datasets\deep_learning\data\keypoints\aw_0031.npy,aw,2,aw_000011.mp4,62,28,ok
D:\deep_learning_datasets\deep_learning\data\keypoints\aw_0032.npy,aw,2,aw_000012.mp4,64,28,ok
D:\deep_learning_datasets\deep_learning\data\keypoints\aw_0033.npy,aw,2,aw_000013.mp4,66,33,ok
D:\deep_learning_datasets\deep_learning\data\keypoints\aw_0034.npy,aw,2,aw_000014.mp4,66,30,ok
D:\deep_learning_datasets\deep_learning\data\keypoints\aw_0035.npy,aw,2,aw_000015.mp4,58,25,ok
D:\deep_learning_datasets\deep_learning\data\keypoints\aw_0036.npy,aw,2,aw_000016.mp4,62,27,ok
D:\deep_learning_datasets\deep_learning\data\keypoints\aw_0037.npy,aw,2,aw_000017.mp4,118,55,ok
D:\deep_learning_datasets\deep_learning\data\keypoints\aw_0038.npy,aw,2,aw_000018.mp4,74,35,ok
D:\deep_learning_datasets\deep_learning\data\keypoints\aw_0039.npy,aw,2,aw_000019.mp4,73,37,ok
D:\deep_learning_datasets\deep_learning\data\keypoints\aw_0040.npy,aw,2,aw_00002.mp4,74,30,ok
D:\deep_learning_datasets\deep_learning\data\keypoints\aw_0041.npy,aw,2,aw_000020.mp4,68,26,ok
D:\deep_learning_datasets\deep_learning\data\keypoints\aw_0042.npy,aw,2,aw_00003.mp4,74,26,ok
D:\deep_learning_datasets\deep_learning\data\keypoints\aw_0043.npy,aw,2,aw_00004.mp4,70,34,ok
D:\deep_learning_datasets\deep_learning\data\keypoints\aw_0044.npy,aw,2,aw_00005.mp4,70,39,ok
D:\deep_learning_datasets\deep_learning\data\keypoints\aw_0045.npy,aw,2,aw_00006.mp4,90,37,ok
D:\deep_learning_datasets\deep_learning\data\keypoints\aw_0046.npy,aw,2,aw_00007.mp4,86,38,ok
D:\deep_learning_datasets\deep_learning\data\keypoints\aw_0047.npy,aw,2,aw_00008.mp4,90,37,ok
D:\deep_learning_datasets\deep_learning\data\keypoints\aw_0048.npy,aw,2,aw_00009.mp4,83,33,ok
D:\deep_learning_datasets\deep_learning\data\keypoints\aw_0049.npy,aw,2,aw_0001.mp4,76,48,ok
D:\deep_learning_datasets\deep_learning\data\keypoints\aw_0050.npy,aw,2,aw_00010.mp4,78,44,ok
D:\deep_learning_datasets\deep_learning\data\keypoints\aw_0051.npy,aw,2,aw_00011.mp4,75,37,ok
D:\deep_learning_datasets\deep_learning\data\keypoints\aw_0052.npy,aw,2,aw_00012.mp4,76,27,ok
D:\deep_learning_datasets\deep_learning\data\keypoints\aw_0053.npy,aw,2,aw_00013.mp4,75,37,ok
D:\deep_learning_datasets\deep_learning\data\keypoints\aw_0054.npy,aw,2,aw_00014.mp4,86,42,ok
D:\deep_learning_datasets\deep_learning\data\keypoints\aw_0055.npy,aw,2,aw_00015.mp4,85,45,ok
D:\deep_learning_datasets\deep_learning\data\keypoints\aw_0056.npy,aw,2,aw_00016.mp4,78,45,ok
D:\deep_learning_datasets\deep_learning\data\keypoints\aw_0057.npy,aw,2,aw_00017.mp4,73,37,ok
D:\deep_learning_datasets\deep_learning\data\keypoints\aw_0058.npy,aw,2,aw_00018.mp4,63,29,ok
D:\deep_learning_datasets\deep_learning\data\keypoints\aw_0059.npy,aw,2,aw_00019.mp4,79,38,ok
D:\deep_learning_datasets\deep_learning\data\keypoints\aw_0060.npy,aw,2,aw_0002.mp4,76,48,ok
D:\deep_learning_datasets\deep_learning\data\keypoints\aw_0061.npy,aw,2,aw_00020.mp4,68,31,ok
D:\deep_learning_datasets\deep_learning\data\keypoints\aw_0062.npy,aw,2,aw_0003.mp4,76,56,ok
D:\deep_learning_datasets\deep_learning\data\keypoints\aw_0063.npy,aw,2,aw_0004.mp4,76,44,ok
D:\deep_learning_datasets\deep_learning\data\keypoints\aw_0064.npy,aw,2,aw_0005.mp4,76,48,ok
D:\deep_learning_datasets\deep_learning\data\keypoints\aw_0065.npy,aw,2,aw_0006.mp4,77,51,ok
D:\deep_learning_datasets\deep_learning\data\keypoints\aw_0066.npy,aw,2,aw_0007.mp4,76,47,ok
D:\deep_learning_datasets\deep_learning\data\keypoints\aw_0067.npy,aw,2,aw_0008.mp4,75,54,ok
D:\deep_learning_datasets\deep_learning\data\keypoints\aw_0068.npy,aw,2,aw_0009.mp4,76,48,ok
D:\deep_learning_datasets\deep_learning\data\keypoints\aw_0069.npy,aw,2,aw_0010.mp4,75,52,ok
D:\deep_learning_datasets\deep_learning\data\keypoints\aw_0070.npy,aw,2,aw_0011.mp4,75,50,ok
D:\deep_learning_datasets\deep_learning\data\keypoints\aw_0071.npy,aw,2,aw_0012.mp4,77,54,ok
D:\deep_learning_datasets\deep_learning\data\keypoints\aw_0072.npy,aw,2,aw_0013.mp4,76,53,ok
D:\deep_learning_datasets\deep_learning\data\keypoints\aw_0073.npy,aw,2,aw_0014.mp4,76,51,ok
D:\deep_learning_datasets\deep_learning\data\keypoints\aw_0074.npy,aw,2,aw_0015.mp4,76,53,ok
D:\deep_learning_datasets\deep_learning\data\keypoints\aw_0075.npy,aw,2,aw_0016.mp4,76,46,ok
D:\deep_learning_datasets\deep_learning\data\keypoints\aw_0076.npy,aw,2,aw_0017.mp4,76,57,ok
D:\deep_learning_datasets\deep_learning\data\keypoints\aw_0077.npy,aw,2,aw_0018.mp4,76,44,ok
D:\deep_learning_datasets\deep_learning\data\keypoints\aw_0078.npy,aw,2,aw_0019.mp4,76,49,ok
D:\deep_learning_datasets\deep_learning\data\keypoints\aw_0079.npy,aw,2,aw_0020.mp4,75,62,ok
D:\deep_learning_datasets\deep_learning\data\keypoints\aw_0080.npy,aw,2,D0490N.mp4,128,51,ok
D:\deep_learning_datasets\deep_learning\data\keypoints\b_0000.npy,b,3,b_0000000.mp4,61,37,ok
D:\deep_learning_datasets\deep_learning\data\keypoints\b_0001.npy,b,3,b_0000001.mp4,67,40,ok
D:\deep_learning_datasets\deep_learning\data\keypoints\b_0002.npy,b,3,b_0000002.mp4,69,41,ok
D:\deep_learning_datasets\deep_learning\data\keypoints\b_0003.npy,b,3,b_0000003.mp4,71,40,ok
D:\deep_learning_datasets\deep_learning\data\keypoints\b_0004.npy,b,3,b_0000004.mp4,80,48,ok
D:\deep_learning_datasets\deep_learning\data\keypoints\b_0005.npy,b,3,b_0000005.mp4,65,39,ok
D:\deep_learning_datasets\deep_learning\data\keypoints\b_0006.npy,b,3,b_0000006.mp4,75,47,ok
D:\deep_learning_datasets\deep_learning\data\keypoints\b_0007.npy,b,3,b_0000007.mp4,70,43,ok
D:\deep_learning_datasets\deep_learning\data\keypoints\b_0008.npy,b,3,b_0000008.mp4,72,48,ok
D:\deep_learning_datasets\deep_learning\data\keypoints\b_0009.npy,b,3,b_0000009.mp4,67,42,ok
D:\deep_learning_datasets\deep_learning\data\keypoints\b_0010.npy,b,3,b_000001.mp4,34,19,ok
D:\deep_learning_datasets\deep_learning\data\keypoints\b_0011.npy,b,3,b_0000010.mp4,89,58,ok
D:\deep_learning_datasets\deep_learning\data\keypoints\b_0012.npy,b,3,b_0000011.mp4,71,48,ok
D:\deep_learning_datasets\deep_learning\data\keypoints\b_0013.npy,b,3,b_0000012.mp4,78,46,ok
D:\deep_learning_datasets\deep_learning\data\keypoints\b_0014.npy,b,3,b_0000013.mp4,69,43,ok
D:\deep_learning_datasets\deep_learning\data\keypoints\b_0015.npy,b,3,b_0000014.mp4,60,35,ok
D:\deep_learning_datasets\deep_learning\data\keypoints\b_0016.npy,b,3,b_0000015.mp4,66,37,ok
D:\deep_learning_datasets\deep_learning\data\keypoints\b_0017.npy,b,3,b_0000016.mp4,68,42,ok
D:\deep_learning_datasets\deep_learning\data\keypoints\b_0018.npy,b,3,b_0000017.mp4,69,39,ok
D:\deep_learning_datasets\deep_learning\data\keypoints\b_0019.npy,b,3,b_0000018.mp4,65,35,ok
D:\deep_learning_datasets\deep_learning\data\keypoints\b_0020.npy,b,3,b_0000019.mp4,72,41,ok
D:\deep_learning_datasets\deep_learning\data\keypoints\b_0021.npy,b,3,b_000002.mp4,42,27,ok
D:\deep_learning_datasets\deep_learning\data\keypoints\b_0022.npy,b,3,b_000003.mp4,30,16,ok
D:\deep_learning_datasets\deep_learning\data\keypoints\b_0023.npy,b,3,b_000004.mp4,34,19,ok
D:\deep_learning_datasets\deep_learning\data\keypoints\b_0024.npy,b,3,b_000005.mp4,35,19,ok
D:\deep_learning_datasets\deep_learning\data\keypoints\b_0025.npy,b,3,b_000006.mp4,33,17,ok
D:\deep_learning_datasets\deep_learning\data\keypoints\b_0026.npy,b,3,b_000007.mp4,26,17,ok
D:\deep_learning_datasets\deep_learning\data\keypoints\b_0027.npy,b,3,b_000008.mp4,36,21,ok
D:\deep_learning_datasets\deep_learning\data\keypoints\b_0028.npy,b,3,b_000009.mp4,35,14,ok
D:\deep_learning_datasets\deep_learning\data\keypoints\b_0029.npy,b,3,b_00001.mp4,55,28,ok
D:\deep_learning_datasets\deep_learning\data\keypoints\b_0030.npy,b,3,b_000010.mp4,32,17,ok
D:\deep_learning_datasets\deep_learning\data\keypoints\b_0031.npy,b,3,b_000011.mp4,36,16,ok
D:\deep_learning_datasets\deep_learning\data\keypoints\b_0032.npy,b,3,b_000012.mp4,34,17,ok
D:\deep_learning_datasets\deep_learning\data\keypoints\b_0033.npy,b,3,b_000013.mp4,34,17,ok
D:\deep_learning_datasets\deep_learning\data\keypoints\b_0034.npy,b,3,b_000014.mp4,38,22,ok
D:\deep_learning_datasets\deep_learning\data\keypoints\b_0035.npy,b,3,b_000015.mp4,36,16,ok
D:\deep_learning_datasets\deep_learning\data\keypoints\b_0036.npy,b,3,b_000016.mp4,33,13,ok
D:\deep_learning_datasets\deep_learning\data\keypoints\b_0037.npy,b,3,b_000017.mp4,31,20,ok
D:\deep_learning_datasets\deep_learning\data\keypoints\b_0038.npy,b,3,b_000018.mp4,36,16,ok
D:\deep_learning_datasets\deep_learning\data\keypoints\b_0039.npy,b,3,b_000019.mp4,36,16,ok
D:\deep_learning_datasets\deep_learning\data\keypoints\b_0040.npy,b,3,b_00002.mp4,58,30,ok
D:\deep_learning_datasets\deep_learning\data\keypoints\b_0041.npy,b,3,b_000020.mp4,42,19,ok
D:\deep_learning_datasets\deep_learning\data\keypoints\b_0042.npy,b,3,b_00003.mp4,66,28,ok
D:\deep_learning_datasets\deep_learning\data\keypoints\b_0043.npy,b,3,b_00004.mp4,64,32,ok
D:\deep_learning_datasets\deep_learning\data\keypoints\b_0044.npy,b,3,b_00005.mp4,64,32,ok
D:\deep_learning_datasets\deep_learning\data\keypoints\b_0045.npy,b,3,b_00006.mp4,62,30,ok
D:\deep_learning_datasets\deep_learning\data\keypoints\b_0046.npy,b,3,b_00007.mp4,48,24,ok
D:\deep_learning_datasets\deep_learning\data\keypoints\b_0047.npy,b,3,b_00008.mp4,52,27,ok
D:\deep_learning_datasets\deep_learning\data\keypoints\b_0048.npy,b,3,b_00009.mp4,57,29,ok
D:\deep_learning_datasets\deep_learning\data\keypoints\b_0049.npy,b,3,b_0001.mp4,75,42,ok
D:\deep_learning_datasets\deep_learning\data\keypoints\b_0050.npy,b,3,b_00010.mp4,59,29,ok
D:\deep_learning_datasets\deep_learning\data\keypoints\b_0051.npy,b,3,b_00011.mp4,59,33,ok
D:\deep_learning_datasets\deep_learning\data\keypoints\b_0052.npy,b,3,b_00012.mp4,61,32,ok
D:\deep_learning_datasets\deep_learning\data\keypoints\b_0053.npy,b,3,b_00013.mp4,87,32,ok
D:\deep_learning_datasets\deep_learning\data\keypoints\b_0054.npy,b,3,b_00014.mp4,69,28,ok
D:\deep_learning_datasets\deep_learning\data\keypoints\b_0055.npy,b,3,b_00015.mp4,62,32,ok
D:\deep_learning_datasets\deep_learning\data\keypoints\b_0056.npy,b,3,b_00016.mp4,63,31,ok
D:\deep_learning_datasets\deep_learning\data\keypoints\b_0057.npy,b,3,b_00017.mp4,65,30,ok
D:\deep_learning_datasets\deep_learning\data\keypoints\b_0058.npy,b,3,b_00018.mp4,68,34,ok
D:\deep_learning_datasets\deep_learning\data\keypoints\b_0059.npy,b,3,b_00019.mp4,54,30,ok
D:\deep_learning_datasets\deep_learning\data\keypoints\b_0060.npy,b,3,b_0002.mp4,75,42,ok
D:\deep_learning_datasets\deep_learning\data\keypoints\b_0061.npy,b,3,b_00020.mp4,52,30,ok
D:\deep_learning_datasets\deep_learning\data\keypoints\b_0062.npy,b,3,b_0003.mp4,77,47,ok
D:\deep_learning_datasets\deep_learning\data\keypoints\b_0063.npy,b,3,b_0004.mp4,77,61,ok
D:\deep_learning_datasets\deep_learning\data\keypoints\b_0064.npy,b,3,b_0005.mp4,77,51,ok
D:\deep_learning_datasets\deep_learning\data\keypoints\b_0065.npy,b,3,b_0006.mp4,76,41,ok
D:\deep_learning_datasets\deep_learning\data\keypoints\b_0066.npy,b,3,b_0007.mp4,76,44,ok
D:\deep_learning_datasets\deep_learning\data\keypoints\b_0067.npy,b,3,b_0008.mp4,74,44,ok
D:\deep_learning_datasets\deep_learning\data\keypoints\b_0068.npy,b,3,b_0009.mp4,75,75,ok
D:\deep_learning_datasets\deep_learning\data\keypoints\b_0069.npy,b,3,b_0010.mp4,76,67,ok
D:\deep_learning_datasets\deep_learning\data\keypoints\b_0070.npy,b,3,b_0011.mp4,76,64,ok
D:\deep_learning_datasets\deep_learning\data\keypoints\b_0071.npy,b,3,b_0012.mp4,76,42,ok
D:\deep_learning_datasets\deep_learning\data\keypoints\b_0072.npy,b,3,b_0013.mp4,77,60,ok
D:\deep_learning_datasets\deep_learning\data\keypoints\b_0073.npy,b,3,b_0014.mp4,76,45,ok
D:\deep_learning_datasets\deep_learning\data\keypoints\b_0074.npy,b,3,b_0015.mp4,76,48,ok
D:\deep_learning_datasets\deep_learning\data\keypoints\b_0075.npy,b,3,b_0016.mp4,76,49,ok
D:\deep_learning_datasets\deep_learning\data\keypoints\b_0076.npy,b,3,b_0017.mp4,76,48,ok
D:\deep_learning_datasets\deep_learning\data\keypoints\b_0077.npy,b,3,b_0018.mp4,77,43,ok
D:\deep_learning_datasets\deep_learning\data\keypoints\b_0078.npy,b,3,b_0019.mp4,76,49,ok
D:\deep_learning_datasets\deep_learning\data\keypoints\b_0079.npy,b,3,b_0020.mp4,76,48,ok
D:\deep_learning_datasets\deep_learning\data\keypoints\b_0080.npy,b,3,D0492.mp4,93,41,ok
D:\deep_learning_datasets\deep_learning\data\keypoints\c_0000.npy,c,4,c_0000000.mp4,60,36,ok
D:\deep_learning_datasets\deep_learning\data\keypoints\c_0001.npy,c,4,c_0000001.mp4,60,36,ok
D:\deep_learning_datasets\deep_learning\data\keypoints\c_0002.npy,c,4,c_0000002.mp4,72,44,ok
D:\deep_learning_datasets\deep_learning\data\keypoints\c_0003.npy,c,4,c_0000003.mp4,69,36,ok
D:\deep_learning_datasets\deep_learning\data\keypoints\c_0004.npy,c,4,c_0000004.mp4,68,43,ok
D:\deep_learning_datasets\deep_learning\data\keypoints\c_0005.npy,c,4,c_0000005.mp4,78,44,ok
D:\deep_learning_datasets\deep_learning\data\keypoints\c_0006.npy,c,4,c_0000006.mp4,77,44,ok
D:\deep_learning_datasets\deep_learning\data\keypoints\c_0007.npy,c,4,c_0000007.mp4,79,44,ok
D:\deep_learning_datasets\deep_learning\data\keypoints\c_0008.npy,c,4,c_0000008.mp4,88,48,ok
D:\deep_learning_datasets\deep_learning\data\keypoints\c_0009.npy,c,4,c_0000009.mp4,74,45,ok
D:\deep_learning_datasets\deep_learning\data\keypoints\c_0010.npy,c,4,c_000001.mp4,36,13,ok
D:\deep_learning_datasets\deep_learning\data\keypoints\c_0011.npy,c,4,c_0000010.mp4,70,39,ok
D:\deep_learning_datasets\deep_learning\data\keypoints\c_0012.npy,c,4,c_0000011.mp4,72,40,ok
D:\deep_learning_datasets\deep_learning\data\keypoints\c_0013.npy,c,4,c_0000012.mp4,76,39,ok
D:\deep_learning_datasets\deep_learning\data\keypoints\c_0014.npy,c,4,c_0000013.mp4,78,45,ok
D:\deep_learning_datasets\deep_learning\data\keypoints\c_0015.npy,c,4,c_0000014.mp4,88,49,ok
D:\deep_learning_datasets\deep_learning\data\keypoints\c_0016.npy,c,4,c_0000015.mp4,78,42,ok
D:\deep_learning_datasets\deep_learning\data\keypoints\c_0017.npy,c,4,c_0000016.mp4,79,36,ok
D:\deep_learning_datasets\deep_learning\data\keypoints\c_0018.npy,c,4,c_0000017.mp4,72,38,ok
D:\deep_learning_datasets\deep_learning\data\keypoints\c_0019.npy,c,4,c_0000018.mp4,71,29,ok
D:\deep_learning_datasets\deep_learning\data\keypoints\c_0020.npy,c,4,c_0000019.mp4,69,39,ok
D:\deep_learning_datasets\deep_learning\data\keypoints\c_0021.npy,c,4,c_000002.mp4,36,16,ok
D:\deep_learning_datasets\deep_learning\data\keypoints\c_0022.npy,c,4,c_000003.mp4,32,12,ok
D:\deep_learning_datasets\deep_learning\data\keypoints\c_0023.npy,c,4,c_000004.mp4,39,16,ok
D:\deep_learning_datasets\deep_learning\data\keypoints\c_0024.npy,c,4,c_000005.mp4,36,16,ok
D:\deep_learning_datasets\deep_learning\data\keypoints\c_0025.npy,c,4,c_000006.mp4,30,10,ok
D:\deep_learning_datasets\deep_learning\data\keypoints\c_0026.npy,c,4,c_000007.mp4,36,13,ok
D:\deep_learning_datasets\deep_learning\data\keypoints\c_0027.npy,c,4,c_000008.mp4,36,16,ok
D:\deep_learning_datasets\deep_learning\data\keypoints\c_0028.npy,c,4,c_000009.mp4,36,13,ok
D:\deep_learning_datasets\deep_learning\data\keypoints\c_0029.npy,c,4,c_00001.mp4,55,23,ok
D:\deep_learning_datasets\deep_learning\data\keypoints\c_0030.npy,c,4,c_000010.mp4,38,16,ok
D:\deep_learning_datasets\deep_learning\data\keypoints\c_0031.npy,c,4,c_000011.mp4,33,13,ok
D:\deep_learning_datasets\deep_learning\data\keypoints\c_0032.npy,c,4,c_000012.mp4,36,16,ok
D:\deep_learning_datasets\deep_learning\data\keypoints\c_0033.npy,c,4,c_000013.mp4,36,16,ok
D:\deep_learning_datasets\deep_learning\data\keypoints\c_0034.npy,c,4,c_000014.mp4,35,16,ok
D:\deep_learning_datasets\deep_learning\data\keypoints\c_0035.npy,c,4,c_000015.mp4,36,16,ok
D:\deep_learning_datasets\deep_learning\data\keypoints\c_0036.npy,c,4,c_000016.mp4,34,16,ok
D:\deep_learning_datasets\deep_learning\data\keypoints\c_0037.npy,c,4,c_000017.mp4,33,13,ok
D:\deep_learning_datasets\deep_learning\data\keypoints\c_0038.npy,c,4,c_000018.mp4,33,13,ok
D:\deep_learning_datasets\deep_learning\data\keypoints\c_0039.npy,c,4,c_000019.mp4,36,16,ok
D:\deep_learning_datasets\deep_learning\data\keypoints\c_0040.npy,c,4,c_00002.mp4,63,26,ok
D:\deep_learning_datasets\deep_learning\data\keypoints\c_0041.npy,c,4,c_000020.mp4,43,23,ok
D:\deep_learning_datasets\deep_learning\data\keypoints\c_0042.npy,c,4,c_00003.mp4,57,22,ok
D:\deep_learning_datasets\deep_learning\data\keypoints\c_0043.npy,c,4,c_00004.mp4,62,24,ok
D:\deep_learning_datasets\deep_learning\data\keypoints\c_0044.npy,c,4,c_00005.mp4,52,26,ok
D:\deep_learning_datasets\deep_learning\data\keypoints\c_0045.npy,c,4,c_00006.mp4,62,27,ok
D:\deep_learning_datasets\deep_learning\data\keypoints\c_0046.npy,c,4,c_00007.mp4,64,30,ok
D:\deep_learning_datasets\deep_learning\data\keypoints\c_0047.npy,c,4,c_00008.mp4,54,26,ok
D:\deep_learning_datasets\deep_learning\data\keypoints\c_0048.npy,c,4,c_00009.mp4,65,25,ok
D:\deep_learning_datasets\deep_learning\data\keypoints\c_0049.npy,c,4,c_0001.mp4,76,58,ok
D:\deep_learning_datasets\deep_learning\data\keypoints\c_0050.npy,c,4,c_00010.mp4,53,26,ok
D:\deep_learning_datasets\deep_learning\data\keypoints\c_0051.npy,c,4,c_00011.mp4,52,24,ok
D:\deep_learning_datasets\deep_learning\data\keypoints\c_0052.npy,c,4,c_00012.mp4,55,26,ok
D:\deep_learning_datasets\deep_learning\data\keypoints\c_0053.npy,c,4,c_00013.mp4,69,28,ok
D:\deep_learning_datasets\deep_learning\data\keypoints\c_0054.npy,c,4,c_00014.mp4,40,28,ok
D:\deep_learning_datasets\deep_learning\data\keypoints\c_0055.npy,c,4,c_00015.mp4,49,28,ok
D:\deep_learning_datasets\deep_learning\data\keypoints\c_0056.npy,c,4,c_00016.mp4,58,26,ok
D:\deep_learning_datasets\deep_learning\data\keypoints\c_0057.npy,c,4,c_00017.mp4,50,29,ok
D:\deep_learning_datasets\deep_learning\data\keypoints\c_0058.npy,c,4,c_00018.mp4,60,30,ok
D:\deep_learning_datasets\deep_learning\data\keypoints\c_0059.npy,c,4,c_00019.mp4,59,26,ok
D:\deep_learning_datasets\deep_learning\data\keypoints\c_0060.npy,c,4,c_0002.mp4,76,58,ok
D:\deep_learning_datasets\deep_learning\data\keypoints\c_0061.npy,c,4,c_00020.mp4,52,28,ok
D:\deep_learning_datasets\deep_learning\data\keypoints\c_0062.npy,c,4,c_0003.mp4,76,46,ok
D:\deep_learning_datasets\deep_learning\data\keypoints\c_0063.npy,c,4,c_0004.mp4,78,78,ok
D:\deep_learning_datasets\deep_learning\data\keypoints\c_0064.npy,c,4,c_0005.mp4,77,58,ok
D:\deep_learning_datasets\deep_learning\data\keypoints\c_0065.npy,c,4,c_0006.mp4,76,52,ok
D:\deep_learning_datasets\deep_learning\data\keypoints\c_0066.npy,c,4,c_0007.mp4,76,57,ok
D:\deep_learning_datasets\deep_learning\data\keypoints\c_0067.npy,c,4,c_0008.mp4,76,47,ok
D:\deep_learning_datasets\deep_learning\data\keypoints\c_0068.npy,c,4,c_0009.mp4,76,63,ok
D:\deep_learning_datasets\deep_learning\data\keypoints\c_0069.npy,c,4,c_0010.mp4,76,64,ok
D:\deep_learning_datasets\deep_learning\data\keypoints\c_0070.npy,c,4,c_0011.mp4,77,54,ok
D:\deep_learning_datasets\deep_learning\data\keypoints\c_0071.npy,c,4,c_0012.mp4,77,76,ok
D:\deep_learning_datasets\deep_learning\data\keypoints\c_0072.npy,c,4,c_0013.mp4,76,62,ok
D:\deep_learning_datasets\deep_learning\data\keypoints\c_0073.npy,c,4,c_0014.mp4,76,76,ok
D:\deep_learning_datasets\deep_learning\data\keypoints\c_0074.npy,c,4,c_0015.mp4,76,76,ok
D:\deep_learning_datasets\deep_learning\data\keypoints\c_0075.npy,c,4,c_0016.mp4,76,76,ok
D:\deep_learning_datasets\deep_learning\data\keypoints\c_0076.npy,c,4,c_0017.mp4,76,76,ok
D:\deep_learning_datasets\deep_learning\data\keypoints\c_0077.npy,c,4,c_0018.mp4,77,77,ok
D:\deep_learning_datasets\deep_learning\data\keypoints\c_0078.npy,c,4,c_0019.mp4,76,76,ok
D:\deep_learning_datasets\deep_learning\data\keypoints\c_0079.npy,c,4,c_0020.mp4,77,57,ok
D:\deep_learning_datasets\deep_learning\data\keypoints\c_0080.npy,c,4,D0493.mp4,82,36,ok
D:\deep_learning_datasets\deep_learning\data\keypoints\cam_on_0000.npy,cam_on,5,cam_on.mp4,133,120,ok
D:\deep_learning_datasets\deep_learning\data\keypoints\cam_on_0001.npy,cam_on,5,cam_on_0000000.mp4,81,52,ok
D:\deep_learning_datasets\deep_learning\data\keypoints\cam_on_0002.npy,cam_on,5,cam_on_0000001.mp4,93,48,ok
D:\deep_learning_datasets\deep_learning\data\keypoints\cam_on_0003.npy,cam_on,5,cam_on_0000002.mp4,95,48,ok
D:\deep_learning_datasets\deep_learning\data\keypoints\cam_on_0004.npy,cam_on,5,cam_on_0000003.mp4,98,60,ok
D:\deep_learning_datasets\deep_learning\data\keypoints\cam_on_0005.npy,cam_on,5,cam_on_0000004.mp4,95,49,ok
D:\deep_learning_datasets\deep_learning\data\keypoints\cam_on_0006.npy,cam_on,5,cam_on_0000005.mp4,98,53,ok
D:\deep_learning_datasets\deep_learning\data\keypoints\cam_on_0007.npy,cam_on,5,cam_on_0000006.mp4,112,57,ok
D:\deep_learning_datasets\deep_learning\data\keypoints\cam_on_0008.npy,cam_on,5,cam_on_0000007.mp4,103,59,ok
D:\deep_learning_datasets\deep_learning\data\keypoints\cam_on_0009.npy,cam_on,5,cam_on_0000008.mp4,100,44,ok
D:\deep_learning_datasets\deep_learning\data\keypoints\cam_on_0010.npy,cam_on,5,cam_on_0000009.mp4,98,57,ok
D:\deep_learning_datasets\deep_learning\data\keypoints\cam_on_0011.npy,cam_on,5,cam_on_000001.mp4,81,21,ok
D:\deep_learning_datasets\deep_learning\data\keypoints\cam_on_0012.npy,cam_on,5,cam_on_0000010.mp4,110,60,ok
D:\deep_learning_datasets\deep_learning\data\keypoints\cam_on_0013.npy,cam_on,5,cam_on_0000011.mp4,96,53,ok
D:\deep_learning_datasets\deep_learning\data\keypoints\cam_on_0014.npy,cam_on,5,cam_on_0000012.mp4,116,59,ok
D:\deep_learning_datasets\deep_learning\data\keypoints\cam_on_0015.npy,cam_on,5,cam_on_0000013.mp4,105,61,ok
D:\deep_learning_datasets\deep_learning\data\keypoints\cam_on_0016.npy,cam_on,5,cam_on_0000014.mp4,104,64,ok
D:\deep_learning_datasets\deep_learning\data\keypoints\cam_on_0017.npy,cam_on,5,cam_on_0000015.mp4,110,64,ok
D:\deep_learning_datasets\deep_learning\data\keypoints\cam_on_0018.npy,cam_on,5,cam_on_0000016.mp4,113,67,ok
D:\deep_learning_datasets\deep_learning\data\keypoints\cam_on_0019.npy,cam_on,5,cam_on_0000017.mp4,116,64,ok
D:\deep_learning_datasets\deep_learning\data\keypoints\cam_on_0020.npy,cam_on,5,cam_on_0000018.mp4,110,65,ok
D:\deep_learning_datasets\deep_learning\data\keypoints\cam_on_0021.npy,cam_on,5,cam_on_0000019.mp4,109,59,ok
D:\deep_learning_datasets\deep_learning\data\keypoints\cam_on_0022.npy,cam_on,5,cam_on_000002.mp4,82,8,ok
D:\deep_learning_datasets\deep_learning\data\keypoints\cam_on_0023.npy,cam_on,5,cam_on_000003.mp4,82,27,ok
D:\deep_learning_datasets\deep_learning\data\keypoints\cam_on_0024.npy,cam_on,5,cam_on_000004.mp4,89,27,ok
D:\deep_learning_datasets\deep_learning\data\keypoints\cam_on_0025.npy,cam_on,5,cam_on_000005.mp4,74,16,ok
D:\deep_learning_datasets\deep_learning\data\keypoints\cam_on_0026.npy,cam_on,5,cam_on_000006.mp4,71,14,ok
D:\deep_learning_datasets\deep_learning\data\keypoints\cam_on_0027.npy,cam_on,5,cam_on_000007.mp4,72,7,ok
D:\deep_learning_datasets\deep_learning\data\keypoints\cam_on_0028.npy,cam_on,5,cam_on_000008.mp4,68,10,ok
D:\deep_learning_datasets\deep_learning\data\keypoints\cam_on_0029.npy,cam_on,5,cam_on_000009.mp4,72,6,ok
D:\deep_learning_datasets\deep_learning\data\keypoints\cam_on_0030.npy,cam_on,5,cam_on_00001.mp4,134,59,ok
D:\deep_learning_datasets\deep_learning\data\keypoints\cam_on_0031.npy,cam_on,5,cam_on_000010.mp4,67,17,ok
D:\deep_learning_datasets\deep_learning\data\keypoints\cam_on_0032.npy,cam_on,5,cam_on_000011.mp4,69,12,ok
D:\deep_learning_datasets\deep_learning\data\keypoints\cam_on_0033.npy,cam_on,5,cam_on_000012.mp4,72,7,ok
D:\deep_learning_datasets\deep_learning\data\keypoints\cam_on_0034.npy,cam_on,5,cam_on_000013.mp4,69,14,ok
D:\deep_learning_datasets\deep_learning\data\keypoints\cam_on_0035.npy,cam_on,5,cam_on_000014.mp4,69,10,ok
D:\deep_learning_datasets\deep_learning\data\keypoints\cam_on_0036.npy,cam_on,5,cam_on_000015.mp4,72,6,ok
D:\deep_learning_datasets\deep_learning\data\keypoints\cam_on_0037.npy,cam_on,5,cam_on_000016.mp4,69,11,ok
D:\deep_learning_datasets\deep_learning\data\keypoints\cam_on_0038.npy,cam_on,5,cam_on_000017.mp4,70,12,ok
D:\deep_learning_datasets\deep_learning\data\keypoints\cam_on_0039.npy,cam_on,5,cam_on_000018.mp4,72,6,ok
D:\deep_learning_datasets\deep_learning\data\keypoints\cam_on_0040.npy,cam_on,5,cam_on_000019.mp4,63,14,ok
D:\deep_learning_datasets\deep_learning\data\keypoints\cam_on_0041.npy,cam_on,5,cam_on_00002.mp4,136,50,ok
D:\deep_learning_datasets\deep_learning\data\keypoints\cam_on_0042.npy,cam_on,5,cam_on_000020.mp4,66,0,no_hand_detected
D:\deep_learning_datasets\deep_learning\data\keypoints\cam_on_0043.npy,cam_on,5,cam_on_00003.mp4,136,41,ok
D:\deep_learning_datasets\deep_learning\data\keypoints\cam_on_0044.npy,cam_on,5,cam_on_00004.mp4,144,51,ok
D:\deep_learning_datasets\deep_learning\data\keypoints\cam_on_0045.npy,cam_on,5,cam_on_00005.mp4,140,58,ok
D:\deep_learning_datasets\deep_learning\data\keypoints\cam_on_0046.npy,cam_on,5,cam_on_00006.mp4,145,37,ok
D:\deep_learning_datasets\deep_learning\data\keypoints\cam_on_0047.npy,cam_on,5,cam_on_00007.mp4,132,37,ok
D:\deep_learning_datasets\deep_learning\data\keypoints\cam_on_0048.npy,cam_on,5,cam_on_00008.mp4,136,35,ok
D:\deep_learning_datasets\deep_learning\data\keypoints\cam_on_0049.npy,cam_on,5,cam_on_00009.mp4,129,45,ok
D:\deep_learning_datasets\deep_learning\data\keypoints\cam_on_0050.npy,cam_on,5,cam_on_0001.mp4,75,18,ok
D:\deep_learning_datasets\deep_learning\data\keypoints\cam_on_0051.npy,cam_on,5,cam_on_00010.mp4,122,39,ok
D:\deep_learning_datasets\deep_learning\data\keypoints\cam_on_0052.npy,cam_on,5,cam_on_00011.mp4,114,40,ok
D:\deep_learning_datasets\deep_learning\data\keypoints\cam_on_0053.npy,cam_on,5,cam_on_00012.mp4,115,47,ok
D:\deep_learning_datasets\deep_learning\data\keypoints\cam_on_0054.npy,cam_on,5,cam_on_00013.mp4,114,43,ok
D:\deep_learning_datasets\deep_learning\data\keypoints\cam_on_0055.npy,cam_on,5,cam_on_00014.mp4,110,36,ok
D:\deep_learning_datasets\deep_learning\data\keypoints\cam_on_0056.npy,cam_on,5,cam_on_00015.mp4,112,39,ok
D:\deep_learning_datasets\deep_learning\data\keypoints\cam_on_0057.npy,cam_on,5,cam_on_00016.mp4,116,28,ok
D:\deep_learning_datasets\deep_learning\data\keypoints\cam_on_0058.npy,cam_on,5,cam_on_00017.mp4,116,55,ok
D:\deep_learning_datasets\deep_learning\data\keypoints\cam_on_0059.npy,cam_on,5,cam_on_00018.mp4,118,33,ok
D:\deep_learning_datasets\deep_learning\data\keypoints\cam_on_0060.npy,cam_on,5,cam_on_00019.mp4,108,37,ok
D:\deep_learning_datasets\deep_learning\data\keypoints\cam_on_0061.npy,cam_on,5,cam_on_0002.mp4,75,18,ok
D:\deep_learning_datasets\deep_learning\data\keypoints\cam_on_0062.npy,cam_on,5,cam_on_00020.mp4,106,32,ok
D:\deep_learning_datasets\deep_learning\data\keypoints\cam_on_0063.npy,cam_on,5,cam_on_0003.mp4,77,24,ok
D:\deep_learning_datasets\deep_learning\data\keypoints\cam_on_0064.npy,cam_on,5,cam_on_0004.mp4,76,29,ok
D:\deep_learning_datasets\deep_learning\data\keypoints\cam_on_0065.npy,cam_on,5,cam_on_0005.mp4,77,29,ok
D:\deep_learning_datasets\deep_learning\data\keypoints\cam_on_0066.npy,cam_on,5,cam_on_0006.mp4,76,42,ok
D:\deep_learning_datasets\deep_learning\data\keypoints\cam_on_0067.npy,cam_on,5,cam_on_0007.mp4,77,27,ok
D:\deep_learning_datasets\deep_learning\data\keypoints\cam_on_0068.npy,cam_on,5,cam_on_0008.mp4,77,31,ok
D:\deep_learning_datasets\deep_learning\data\keypoints\cam_on_0069.npy,cam_on,5,cam_on_0009.mp4,77,34,ok
D:\deep_learning_datasets\deep_learning\data\keypoints\cam_on_0070.npy,cam_on,5,cam_on_0010.mp4,77,28,ok
D:\deep_learning_datasets\deep_learning\data\keypoints\cam_on_0071.npy,cam_on,5,cam_on_0011.mp4,77,25,ok
D:\deep_learning_datasets\deep_learning\data\keypoints\cam_on_0072.npy,cam_on,5,cam_on_0012.mp4,77,56,ok
D:\deep_learning_datasets\deep_learning\data\keypoints\cam_on_0073.npy,cam_on,5,cam_on_0013.mp4,77,41,ok
D:\deep_learning_datasets\deep_learning\data\keypoints\cam_on_0074.npy,cam_on,5,cam_on_0014.mp4,77,72,ok
D:\deep_learning_datasets\deep_learning\data\keypoints\cam_on_0075.npy,cam_on,5,cam_on_0015.mp4,77,54,ok
D:\deep_learning_datasets\deep_learning\data\keypoints\cam_on_0076.npy,cam_on,5,cam_on_0016.mp4,77,36,ok
D:\deep_learning_datasets\deep_learning\data\keypoints\cam_on_0077.npy,cam_on,5,cam_on_0017.mp4,76,53,ok
D:\deep_learning_datasets\deep_learning\data\keypoints\cam_on_0078.npy,cam_on,5,cam_on_0018.mp4,77,32,ok
D:\deep_learning_datasets\deep_learning\data\keypoints\cam_on_0079.npy,cam_on,5,cam_on_0019.mp4,77,55,ok
D:\deep_learning_datasets\deep_learning\data\keypoints\cam_on_0080.npy,cam_on,5,cam_on_0020.mp4,75,48,ok
D:\deep_learning_datasets\deep_learning\data\keypoints\chao_0000.npy,chao,6,chao_0000000.mp4,61,36,ok
D:\deep_learning_datasets\deep_learning\data\keypoints\chao_0001.npy,chao,6,chao_0000001.mp4,62,36,ok
D:\deep_learning_datasets\deep_learning\data\keypoints\chao_0002.npy,chao,6,chao_0000002.mp4,67,45,ok
D:\deep_learning_datasets\deep_learning\data\keypoints\chao_0003.npy,chao,6,chao_0000003.mp4,66,41,ok
D:\deep_learning_datasets\deep_learning\data\keypoints\chao_0004.npy,chao,6,chao_0000004.mp4,64,41,ok
D:\deep_learning_datasets\deep_learning\data\keypoints\chao_0005.npy,chao,6,chao_0000005.mp4,82,52,ok
D:\deep_learning_datasets\deep_learning\data\keypoints\chao_0006.npy,chao,6,chao_0000006.mp4,87,59,ok
D:\deep_learning_datasets\deep_learning\data\keypoints\chao_0007.npy,chao,6,chao_0000007.mp4,75,53,ok
D:\deep_learning_datasets\deep_learning\data\keypoints\chao_0008.npy,chao,6,chao_0000008.mp4,77,52,ok
D:\deep_learning_datasets\deep_learning\data\keypoints\chao_0009.npy,chao,6,chao_0000009.mp4,80,49,ok
D:\deep_learning_datasets\deep_learning\data\keypoints\chao_0010.npy,chao,6,chao_000001.mp4,42,15,ok
D:\deep_learning_datasets\deep_learning\data\keypoints\chao_0011.npy,chao,6,chao_0000010.mp4,85,52,ok
D:\deep_learning_datasets\deep_learning\data\keypoints\chao_0012.npy,chao,6,chao_0000011.mp4,81,51,ok
D:\deep_learning_datasets\deep_learning\data\keypoints\chao_0013.npy,chao,6,chao_0000012.mp4,77,49,ok
D:\deep_learning_datasets\deep_learning\data\keypoints\chao_0014.npy,chao,6,chao_0000013.mp4,79,46,ok
D:\deep_learning_datasets\deep_learning\data\keypoints\chao_0015.npy,chao,6,chao_0000014.mp4,81,49,ok
D:\deep_learning_datasets\deep_learning\data\keypoints\chao_0016.npy,chao,6,chao_0000015.mp4,73,47,ok
D:\deep_learning_datasets\deep_learning\data\keypoints\chao_0017.npy,chao,6,chao_0000016.mp4,70,45,ok
D:\deep_learning_datasets\deep_learning\data\keypoints\chao_0018.npy,chao,6,chao_0000017.mp4,59,36,ok
D:\deep_learning_datasets\deep_learning\data\keypoints\chao_0019.npy,chao,6,chao_0000018.mp4,66,43,ok
D:\deep_learning_datasets\deep_learning\data\keypoints\chao_0020.npy,chao,6,chao_0000019.mp4,73,42,ok
D:\deep_learning_datasets\deep_learning\data\keypoints\chao_0021.npy,chao,6,chao_000002.mp4,51,12,ok
D:\deep_learning_datasets\deep_learning\data\keypoints\chao_0022.npy,chao,6,chao_000003.mp4,46,22,ok
D:\deep_learning_datasets\deep_learning\data\keypoints\chao_0023.npy,chao,6,chao_000004.mp4,51,18,ok
D:\deep_learning_datasets\deep_learning\data\keypoints\chao_0024.npy,chao,6,chao_000005.mp4,51,19,ok
D:\deep_learning_datasets\deep_learning\data\keypoints\chao_0025.npy,chao,6,chao_000006.mp4,48,20,ok
D:\deep_learning_datasets\deep_learning\data\keypoints\chao_0026.npy,chao,6,chao_000007.mp4,53,18,ok
D:\deep_learning_datasets\deep_learning\data\keypoints\chao_0027.npy,chao,6,chao_000008.mp4,48,15,ok
D:\deep_learning_datasets\deep_learning\data\keypoints\chao_0028.npy,chao,6,chao_000009.mp4,52,22,ok
D:\deep_learning_datasets\deep_learning\data\keypoints\chao_0029.npy,chao,6,chao_00001.mp4,58,20,ok
D:\deep_learning_datasets\deep_learning\data\keypoints\chao_0030.npy,chao,6,chao_000010.mp4,50,17,ok
D:\deep_learning_datasets\deep_learning\data\keypoints\chao_0031.npy,chao,6,chao_000011.mp4,48,17,ok
D:\deep_learning_datasets\deep_learning\data\keypoints\chao_0032.npy,chao,6,chao_000012.mp4,48,18,ok
D:\deep_learning_datasets\deep_learning\data\keypoints\chao_0033.npy,chao,6,chao_000013.mp4,54,18,ok
D:\deep_learning_datasets\deep_learning\data\keypoints\chao_0034.npy,chao,6,chao_000014.mp4,39,15,ok
D:\deep_learning_datasets\deep_learning\data\keypoints\chao_0035.npy,chao,6,chao_000015.mp4,45,12,ok
D:\deep_learning_datasets\deep_learning\data\keypoints\chao_0036.npy,chao,6,chao_000016.mp4,48,18,ok
D:\deep_learning_datasets\deep_learning\data\keypoints\chao_0037.npy,chao,6,chao_000017.mp4,45,18,ok
D:\deep_learning_datasets\deep_learning\data\keypoints\chao_0038.npy,chao,6,chao_000018.mp4,55,21,ok
D:\deep_learning_datasets\deep_learning\data\keypoints\chao_0039.npy,chao,6,chao_000019.mp4,48,18,ok
D:\deep_learning_datasets\deep_learning\data\keypoints\chao_0040.npy,chao,6,chao_00002.mp4,61,19,ok
D:\deep_learning_datasets\deep_learning\data\keypoints\chao_0041.npy,chao,6,chao_000020.mp4,53,18,ok
D:\deep_learning_datasets\deep_learning\data\keypoints\chao_0042.npy,chao,6,chao_00003.mp4,60,19,ok
D:\deep_learning_datasets\deep_learning\data\keypoints\chao_0043.npy,chao,6,chao_00004.mp4,50,16,ok
D:\deep_learning_datasets\deep_learning\data\keypoints\chao_0044.npy,chao,6,chao_00005.mp4,60,18,ok
D:\deep_learning_datasets\deep_learning\data\keypoints\chao_0045.npy,chao,6,chao_00006.mp4,58,22,ok
D:\deep_learning_datasets\deep_learning\data\keypoints\chao_0046.npy,chao,6,chao_00007.mp4,54,16,ok
D:\deep_learning_datasets\deep_learning\data\keypoints\chao_0047.npy,chao,6,chao_00008.mp4,58,16,ok
D:\deep_learning_datasets\deep_learning\data\keypoints\chao_0048.npy,chao,6,chao_00009.mp4,61,18,ok
D:\deep_learning_datasets\deep_learning\data\keypoints\chao_0049.npy,chao,6,chao_0001.mp4,77,42,ok
D:\deep_learning_datasets\deep_learning\data\keypoints\chao_0050.npy,chao,6,chao_00010.mp4,62,22,ok
D:\deep_learning_datasets\deep_learning\data\keypoints\chao_0051.npy,chao,6,chao_00011.mp4,68,22,ok
D:\deep_learning_datasets\deep_learning\data\keypoints\chao_0052.npy,chao,6,chao_00012.mp4,58,22,ok
D:\deep_learning_datasets\deep_learning\data\keypoints\chao_0053.npy,chao,6,chao_00013.mp4,53,22,ok
D:\deep_learning_datasets\deep_learning\data\keypoints\chao_0054.npy,chao,6,chao_00014.mp4,61,18,ok
D:\deep_learning_datasets\deep_learning\data\keypoints\chao_0055.npy,chao,6,chao_00015.mp4,58,25,ok
D:\deep_learning_datasets\deep_learning\data\keypoints\chao_0056.npy,chao,6,chao_00016.mp4,60,13,ok
D:\deep_learning_datasets\deep_learning\data\keypoints\chao_0057.npy,chao,6,chao_00017.mp4,65,22,ok
D:\deep_learning_datasets\deep_learning\data\keypoints\chao_0058.npy,chao,6,chao_00018.mp4,71,20,ok
D:\deep_learning_datasets\deep_learning\data\keypoints\chao_0059.npy,chao,6,chao_00019.mp4,68,17,ok
D:\deep_learning_datasets\deep_learning\data\keypoints\chao_0060.npy,chao,6,chao_0002.mp4,77,42,ok
D:\deep_learning_datasets\deep_learning\data\keypoints\chao_0061.npy,chao,6,chao_00020.mp4,62,22,ok
D:\deep_learning_datasets\deep_learning\data\keypoints\chao_0062.npy,chao,6,chao_0003.mp4,77,42,ok
D:\deep_learning_datasets\deep_learning\data\keypoints\chao_0063.npy,chao,6,chao_0004.mp4,76,57,ok
D:\deep_learning_datasets\deep_learning\data\keypoints\chao_0064.npy,chao,6,chao_0005.mp4,77,45,ok
D:\deep_learning_datasets\deep_learning\data\keypoints\chao_0065.npy,chao,6,chao_0006.mp4,77,42,ok
D:\deep_learning_datasets\deep_learning\data\keypoints\chao_0066.npy,chao,6,chao_0007.mp4,76,45,ok
D:\deep_learning_datasets\deep_learning\data\keypoints\chao_0067.npy,chao,6,chao_0008.mp4,77,58,ok
D:\deep_learning_datasets\deep_learning\data\keypoints\chao_0068.npy,chao,6,chao_0009.mp4,77,52,ok
D:\deep_learning_datasets\deep_learning\data\keypoints\chao_0069.npy,chao,6,chao_0010.mp4,76,44,ok
D:\deep_learning_datasets\deep_learning\data\keypoints\chao_0070.npy,chao,6,chao_0011.mp4,77,56,ok
D:\deep_learning_datasets\deep_learning\data\keypoints\chao_0071.npy,chao,6,chao_0012.mp4,75,49,ok
D:\deep_learning_datasets\deep_learning\data\keypoints\chao_0072.npy,chao,6,chao_0013.mp4,78,49,ok
D:\deep_learning_datasets\deep_learning\data\keypoints\chao_0073.npy,chao,6,chao_0014.mp4,76,49,ok
D:\deep_learning_datasets\deep_learning\data\keypoints\chao_0074.npy,chao,6,chao_0015.mp4,76,44,ok
D:\deep_learning_datasets\deep_learning\data\keypoints\chao_0075.npy,chao,6,chao_0016.mp4,77,51,ok
D:\deep_learning_datasets\deep_learning\data\keypoints\chao_0076.npy,chao,6,chao_0017.mp4,77,47,ok
D:\deep_learning_datasets\deep_learning\data\keypoints\chao_0077.npy,chao,6,chao_0018.mp4,77,47,ok
D:\deep_learning_datasets\deep_learning\data\keypoints\chao_0078.npy,chao,6,chao_0019.mp4,77,54,ok
D:\deep_learning_datasets\deep_learning\data\keypoints\chao_0079.npy,chao,6,chao_0020.mp4,76,56,ok
D:\deep_learning_datasets\deep_learning\data\keypoints\chao_0080.npy,chao,6,W00489.mp4,116,51,ok
D:\deep_learning_datasets\deep_learning\data\keypoints\d_0000.npy,d,7,D0494.mp4,88,42,ok
D:\deep_learning_datasets\deep_learning\data\keypoints\d_0001.npy,d,7,d_0000000.mp4,96,67,ok
D:\deep_learning_datasets\deep_learning\data\keypoints\d_0002.npy,d,7,d_0000001.mp4,71,45,ok
D:\deep_learning_datasets\deep_learning\data\keypoints\d_0003.npy,d,7,d_0000002.mp4,68,44,ok
D:\deep_learning_datasets\deep_learning\data\keypoints\d_0004.npy,d,7,d_0000003.mp4,71,48,ok
D:\deep_learning_datasets\deep_learning\data\keypoints\d_0005.npy,d,7,d_0000004.mp4,67,40,ok
D:\deep_learning_datasets\deep_learning\data\keypoints\d_0006.npy,d,7,d_0000005.mp4,65,41,ok
D:\deep_learning_datasets\deep_learning\data\keypoints\d_0007.npy,d,7,d_0000006.mp4,59,33,ok
D:\deep_learning_datasets\deep_learning\data\keypoints\d_0008.npy,d,7,d_0000007.mp4,62,32,ok
D:\deep_learning_datasets\deep_learning\data\keypoints\d_0009.npy,d,7,d_0000008.mp4,65,36,ok
D:\deep_learning_datasets\deep_learning\data\keypoints\d_0010.npy,d,7,d_0000009.mp4,64,33,ok
D:\deep_learning_datasets\deep_learning\data\keypoints\d_0011.npy,d,7,d_000001.mp4,36,16,ok
D:\deep_learning_datasets\deep_learning\data\keypoints\d_0012.npy,d,7,d_0000010.mp4,64,36,ok
D:\deep_learning_datasets\deep_learning\data\keypoints\d_0013.npy,d,7,d_0000011.mp4,60,27,ok
D:\deep_learning_datasets\deep_learning\data\keypoints\d_0014.npy,d,7,d_0000012.mp4,73,38,ok
D:\deep_learning_datasets\deep_learning\data\keypoints\d_0015.npy,d,7,d_0000013.mp4,71,38,ok
D:\deep_learning_datasets\deep_learning\data\keypoints\d_0016.npy,d,7,d_0000014.mp4,69,37,ok
D:\deep_learning_datasets\deep_learning\data\keypoints\d_0017.npy,d,7,d_0000015.mp4,67,34,ok
D:\deep_learning_datasets\deep_learning\data\keypoints\d_0018.npy,d,7,d_0000016.mp4,68,40,ok
D:\deep_learning_datasets\deep_learning\data\keypoints\d_0019.npy,d,7,d_0000017.mp4,83,51,ok
D:\deep_learning_datasets\deep_learning\data\keypoints\d_0020.npy,d,7,d_0000018.mp4,87,51,ok
D:\deep_learning_datasets\deep_learning\data\keypoints\d_0021.npy,d,7,d_0000019.mp4,85,50,ok
D:\deep_learning_datasets\deep_learning\data\keypoints\d_0022.npy,d,7,d_000002.mp4,42,22,ok
D:\deep_learning_datasets\deep_learning\data\keypoints\d_0023.npy,d,7,d_000003.mp4,36,19,ok
D:\deep_learning_datasets\deep_learning\data\keypoints\d_0024.npy,d,7,d_000004.mp4,45,22,ok
D:\deep_learning_datasets\deep_learning\data\keypoints\d_0025.npy,d,7,d_000005.mp4,38,16,ok
D:\deep_learning_datasets\deep_learning\data\keypoints\d_0026.npy,d,7,d_000006.mp4,36,15,ok
D:\deep_learning_datasets\deep_learning\data\keypoints\d_0027.npy,d,7,d_000007.mp4,45,22,ok
D:\deep_learning_datasets\deep_learning\data\keypoints\d_0028.npy,d,7,d_000008.mp4,45,20,ok
D:\deep_learning_datasets\deep_learning\data\keypoints\d_0029.npy,d,7,d_000009.mp4,42,21,ok
D:\deep_learning_datasets\deep_learning\data\keypoints\d_0030.npy,d,7,d_00001.mp4,69,39,ok
D:\deep_learning_datasets\deep_learning\data\keypoints\d_0031.npy,d,7,d_000010.mp4,42,18,ok
D:\deep_learning_datasets\deep_learning\data\keypoints\d_0032.npy,d,7,d_000011.mp4,39,19,ok
D:\deep_learning_datasets\deep_learning\data\keypoints\d_0033.npy,d,7,d_000012.mp4,42,22,ok
D:\deep_learning_datasets\deep_learning\data\keypoints\d_0034.npy,d,7,d_000013.mp4,36,16,ok
D:\deep_learning_datasets\deep_learning\data\keypoints\d_0035.npy,d,7,d_000014.mp4,36,16,ok
D:\deep_learning_datasets\deep_learning\data\keypoints\d_0036.npy,d,7,d_000015.mp4,41,14,ok
D:\deep_learning_datasets\deep_learning\data\keypoints\d_0037.npy,d,7,d_000016.mp4,40,10,ok
D:\deep_learning_datasets\deep_learning\data\keypoints\d_0038.npy,d,7,d_000017.mp4,42,19,ok
D:\deep_learning_datasets\deep_learning\data\keypoints\d_0039.npy,d,7,d_000018.mp4,39,13,ok
D:\deep_learning_datasets\deep_learning\data\keypoints\d_0040.npy,d,7,d_000019.mp4,43,17,ok
D:\deep_learning_datasets\deep_learning\data\keypoints\d_0041.npy,d,7,d_00002.mp4,61,29,ok
D:\deep_learning_datasets\deep_learning\data\keypoints\d_0042.npy,d,7,d_000020.mp4,48,27,ok
D:\deep_learning_datasets\deep_learning\data\keypoints\d_0043.npy,d,7,d_00003.mp4,62,28,ok
D:\deep_learning_datasets\deep_learning\data\keypoints\d_0044.npy,d,7,d_00004.mp4,73,32,ok
D:\deep_learning_datasets\deep_learning\data\keypoints\d_0045.npy,d,7,d_00005.mp4,65,36,ok
D:\deep_learning_datasets\deep_learning\data\keypoints\d_0046.npy,d,7,d_00006.mp4,61,34,ok
D:\deep_learning_datasets\deep_learning\data\keypoints\d_0047.npy,d,7,d_00007.mp4,69,32,ok
D:\deep_learning_datasets\deep_learning\data\keypoints\d_0048.npy,d,7,d_00008.mp4,61,34,ok
D:\deep_learning_datasets\deep_learning\data\keypoints\d_0049.npy,d,7,d_00009.mp4,66,38,ok
D:\deep_learning_datasets\deep_learning\data\keypoints\d_0050.npy,d,7,d_0001.mp4,77,57,ok
D:\deep_learning_datasets\deep_learning\data\keypoints\d_0051.npy,d,7,d_00010.mp4,63,34,ok
D:\deep_learning_datasets\deep_learning\data\keypoints\d_0052.npy,d,7,d_00011.mp4,69,33,ok
D:\deep_learning_datasets\deep_learning\data\keypoints\d_0053.npy,d,7,d_00012.mp4,76,36,ok
D:\deep_learning_datasets\deep_learning\data\keypoints\d_0054.npy,d,7,d_00013.mp4,65,39,ok
D:\deep_learning_datasets\deep_learning\data\keypoints\d_0055.npy,d,7,d_00014.mp4,71,36,ok
D:\deep_learning_datasets\deep_learning\data\keypoints\d_0056.npy,d,7,d_00015.mp4,80,39,ok
D:\deep_learning_datasets\deep_learning\data\keypoints\d_0057.npy,d,7,d_00016.mp4,66,32,ok
D:\deep_learning_datasets\deep_learning\data\keypoints\d_0058.npy,d,7,d_00017.mp4,67,38,ok
D:\deep_learning_datasets\deep_learning\data\keypoints\d_0059.npy,d,7,d_00018.mp4,67,38,ok
D:\deep_learning_datasets\deep_learning\data\keypoints\d_0060.npy,d,7,d_00019.mp4,74,38,ok
D:\deep_learning_datasets\deep_learning\data\keypoints\d_0061.npy,d,7,d_0002.mp4,77,57,ok
D:\deep_learning_datasets\deep_learning\data\keypoints\d_0062.npy,d,7,d_00020.mp4,70,44,ok
D:\deep_learning_datasets\deep_learning\data\keypoints\d_0063.npy,d,7,d_0003.mp4,77,49,ok
D:\deep_learning_datasets\deep_learning\data\keypoints\d_0064.npy,d,7,d_0004.mp4,78,57,ok
D:\deep_learning_datasets\deep_learning\data\keypoints\d_0065.npy,d,7,d_0005.mp4,76,54,ok
D:\deep_learning_datasets\deep_learning\data\keypoints\d_0066.npy,d,7,d_0006.mp4,77,41,ok
D:\deep_learning_datasets\deep_learning\data\keypoints\d_0067.npy,d,7,d_0007.mp4,76,53,ok
D:\deep_learning_datasets\deep_learning\data\keypoints\d_0068.npy,d,7,d_0008.mp4,77,65,ok
D:\deep_learning_datasets\deep_learning\data\keypoints\d_0069.npy,d,7,d_0009.mp4,78,52,ok
D:\deep_learning_datasets\deep_learning\data\keypoints\d_0070.npy,d,7,d_0010.mp4,77,41,ok
D:\deep_learning_datasets\deep_learning\data\keypoints\d_0071.npy,d,7,d_0011.mp4,76,50,ok
D:\deep_learning_datasets\deep_learning\data\keypoints\d_0072.npy,d,7,d_0012.mp4,76,57,ok
D:\deep_learning_datasets\deep_learning\data\keypoints\d_0073.npy,d,7,d_0013.mp4,76,53,ok
D:\deep_learning_datasets\deep_learning\data\keypoints\d_0074.npy,d,7,d_0014.mp4,78,63,ok
D:\deep_learning_datasets\deep_learning\data\keypoints\d_0075.npy,d,7,d_0015.mp4,76,30,ok
D:\deep_learning_datasets\deep_learning\data\keypoints\d_0076.npy,d,7,d_0016.mp4,76,70,ok
D:\deep_learning_datasets\deep_learning\data\keypoints\d_0077.npy,d,7,d_0017.mp4,76,58,ok
D:\deep_learning_datasets\deep_learning\data\keypoints\d_0078.npy,d,7,d_0018.mp4,76,54,ok
D:\deep_learning_datasets\deep_learning\data\keypoints\d_0079.npy,d,7,d_0019.mp4,77,53,ok
D:\deep_learning_datasets\deep_learning\data\keypoints\d_0080.npy,d,7,d_0020.mp4,76,73,ok
D:\deep_learning_datasets\deep_learning\data\keypoints\dd_0000.npy,dd,8,D0495.mp4,105,45,ok
D:\deep_learning_datasets\deep_learning\data\keypoints\dd_0001.npy,dd,8,dd_0000000.mp4,69,39,ok
D:\deep_learning_datasets\deep_learning\data\keypoints\dd_0002.npy,dd,8,dd_0000001.mp4,94,46,ok
D:\deep_learning_datasets\deep_learning\data\keypoints\dd_0003.npy,dd,8,dd_0000002.mp4,68,40,ok
D:\deep_learning_datasets\deep_learning\data\keypoints\dd_0004.npy,dd,8,dd_0000003.mp4,75,48,ok
D:\deep_learning_datasets\deep_learning\data\keypoints\dd_0005.npy,dd,8,dd_0000004.mp4,79,48,ok
D:\deep_learning_datasets\deep_learning\data\keypoints\dd_0006.npy,dd,8,dd_0000005.mp4,78,50,ok
D:\deep_learning_datasets\deep_learning\data\keypoints\dd_0007.npy,dd,8,dd_0000006.mp4,71,33,ok
D:\deep_learning_datasets\deep_learning\data\keypoints\dd_0008.npy,dd,8,dd_0000007.mp4,73,38,ok
D:\deep_learning_datasets\deep_learning\data\keypoints\dd_0009.npy,dd,8,dd_0000008.mp4,76,43,ok
D:\deep_learning_datasets\deep_learning\data\keypoints\dd_0010.npy,dd,8,dd_0000009.mp4,71,37,ok
D:\deep_learning_datasets\deep_learning\data\keypoints\dd_0011.npy,dd,8,dd_000001.mp4,39,19,ok
D:\deep_learning_datasets\deep_learning\data\keypoints\dd_0012.npy,dd,8,dd_0000010.mp4,63,34,ok
D:\deep_learning_datasets\deep_learning\data\keypoints\dd_0013.npy,dd,8,dd_0000011.mp4,64,34,ok
D:\deep_learning_datasets\deep_learning\data\keypoints\dd_0014.npy,dd,8,dd_0000012.mp4,69,40,ok
D:\deep_learning_datasets\deep_learning\data\keypoints\dd_0015.npy,dd,8,dd_0000013.mp4,68,37,ok
D:\deep_learning_datasets\deep_learning\data\keypoints\dd_0016.npy,dd,8,dd_0000014.mp4,68,34,ok
D:\deep_learning_datasets\deep_learning\data\keypoints\dd_0017.npy,dd,8,dd_0000015.mp4,69,31,ok
D:\deep_learning_datasets\deep_learning\data\keypoints\dd_0018.npy,dd,8,dd_0000016.mp4,80,42,ok
D:\deep_learning_datasets\deep_learning\data\keypoints\dd_0019.npy,dd,8,dd_0000017.mp4,68,37,ok
D:\deep_learning_datasets\deep_learning\data\keypoints\dd_0020.npy,dd,8,dd_0000018.mp4,75,37,ok
D:\deep_learning_datasets\deep_learning\data\keypoints\dd_0021.npy,dd,8,dd_0000019.mp4,72,35,ok
D:\deep_learning_datasets\deep_learning\data\keypoints\dd_0022.npy,dd,8,dd_000002.mp4,48,25,ok
D:\deep_learning_datasets\deep_learning\data\keypoints\dd_0023.npy,dd,8,dd_000003.mp4,42,22,ok
D:\deep_learning_datasets\deep_learning\data\keypoints\dd_0024.npy,dd,8,dd_000004.mp4,45,19,ok
D:\deep_learning_datasets\deep_learning\data\keypoints\dd_0025.npy,dd,8,dd_000005.mp4,44,24,ok
D:\deep_learning_datasets\deep_learning\data\keypoints\dd_0026.npy,dd,8,dd_000006.mp4,43,23,ok
D:\deep_learning_datasets\deep_learning\data\keypoints\dd_0027.npy,dd,8,dd_000007.mp4,38,19,ok
D:\deep_learning_datasets\deep_learning\data\keypoints\dd_0028.npy,dd,8,dd_000008.mp4,43,17,ok
D:\deep_learning_datasets\deep_learning\data\keypoints\dd_0029.npy,dd,8,dd_000009.mp4,45,25,ok
D:\deep_learning_datasets\deep_learning\data\keypoints\dd_0030.npy,dd,8,dd_00001.mp4,73,36,ok
D:\deep_learning_datasets\deep_learning\data\keypoints\dd_0031.npy,dd,8,dd_000010.mp4,45,24,ok
D:\deep_learning_datasets\deep_learning\data\keypoints\dd_0032.npy,dd,8,dd_000011.mp4,41,19,ok
D:\deep_learning_datasets\deep_learning\data\keypoints\dd_0033.npy,dd,8,dd_000012.mp4,40,19,ok
D:\deep_learning_datasets\deep_learning\data\keypoints\dd_0034.npy,dd,8,dd_000013.mp4,43,20,ok
D:\deep_learning_datasets\deep_learning\data\keypoints\dd_0035.npy,dd,8,dd_000014.mp4,44,22,ok
D:\deep_learning_datasets\deep_learning\data\keypoints\dd_0036.npy,dd,8,dd_000015.mp4,44,21,ok
D:\deep_learning_datasets\deep_learning\data\keypoints\dd_0037.npy,dd,8,dd_000016.mp4,40,20,ok
D:\deep_learning_datasets\deep_learning\data\keypoints\dd_0038.npy,dd,8,dd_000017.mp4,45,22,ok
D:\deep_learning_datasets\deep_learning\data\keypoints\dd_0039.npy,dd,8,dd_000018.mp4,41,15,ok
D:\deep_learning_datasets\deep_learning\data\keypoints\dd_0040.npy,dd,8,dd_000019.mp4,45,17,ok
D:\deep_learning_datasets\deep_learning\data\keypoints\dd_0041.npy,dd,8,dd_00002.mp4,74,33,ok
D:\deep_learning_datasets\deep_learning\data\keypoints\dd_0042.npy,dd,8,dd_000020.mp4,46,25,ok
D:\deep_learning_datasets\deep_learning\data\keypoints\dd_0043.npy,dd,8,dd_00003.mp4,82,35,ok
D:\deep_learning_datasets\deep_learning\data\keypoints\dd_0044.npy,dd,8,dd_00004.mp4,70,35,ok
D:\deep_learning_datasets\deep_learning\data\keypoints\dd_0045.npy,dd,8,dd_00005.mp4,66,37,ok
D:\deep_learning_datasets\deep_learning\data\keypoints\dd_0046.npy,dd,8,dd_00006.mp4,83,35,ok
D:\deep_learning_datasets\deep_learning\data\keypoints\dd_0047.npy,dd,8,dd_00007.mp4,62,32,ok
D:\deep_learning_datasets\deep_learning\data\keypoints\dd_0048.npy,dd,8,dd_00008.mp4,68,30,ok
D:\deep_learning_datasets\deep_learning\data\keypoints\dd_0049.npy,dd,8,dd_00009.mp4,70,32,ok
D:\deep_learning_datasets\deep_learning\data\keypoints\dd_0050.npy,dd,8,dd_0001.mp4,76,51,ok
D:\deep_learning_datasets\deep_learning\data\keypoints\dd_0051.npy,dd,8,dd_00010.mp4,65,34,ok
D:\deep_learning_datasets\deep_learning\data\keypoints\dd_0052.npy,dd,8,dd_00011.mp4,62,35,ok
D:\deep_learning_datasets\deep_learning\data\keypoints\dd_0053.npy,dd,8,dd_00012.mp4,63,33,ok
D:\deep_learning_datasets\deep_learning\data\keypoints\dd_0054.npy,dd,8,dd_00013.mp4,66,29,ok
D:\deep_learning_datasets\deep_learning\data\keypoints\dd_0055.npy,dd,8,dd_00014.mp4,61,33,ok
D:\deep_learning_datasets\deep_learning\data\keypoints\dd_0056.npy,dd,8,dd_00015.mp4,49,24,ok
D:\deep_learning_datasets\deep_learning\data\keypoints\dd_0057.npy,dd,8,dd_00016.mp4,58,26,ok
D:\deep_learning_datasets\deep_learning\data\keypoints\dd_0058.npy,dd,8,dd_00017.mp4,60,26,ok
D:\deep_learning_datasets\deep_learning\data\keypoints\dd_0059.npy,dd,8,dd_00018.mp4,65,30,ok
D:\deep_learning_datasets\deep_learning\data\keypoints\dd_0060.npy,dd,8,dd_00019.mp4,69,28,ok
D:\deep_learning_datasets\deep_learning\data\keypoints\dd_0061.npy,dd,8,dd_0002.mp4,76,51,ok
D:\deep_learning_datasets\deep_learning\data\keypoints\dd_0062.npy,dd,8,dd_00020.mp4,72,34,ok
D:\deep_learning_datasets\deep_learning\data\keypoints\dd_0063.npy,dd,8,dd_0003.mp4,77,34,ok
D:\deep_learning_datasets\deep_learning\data\keypoints\dd_0064.npy,dd,8,dd_0004.mp4,77,51,ok
D:\deep_learning_datasets\deep_learning\data\keypoints\dd_0065.npy,dd,8,dd_0005.mp4,77,45,ok
D:\deep_learning_datasets\deep_learning\data\keypoints\dd_0066.npy,dd,8,dd_0006.mp4,76,42,ok
D:\deep_learning_datasets\deep_learning\data\keypoints\dd_0067.npy,dd,8,dd_0007.mp4,76,45,ok
D:\deep_learning_datasets\deep_learning\data\keypoints\dd_0068.npy,dd,8,dd_0008.mp4,77,55,ok
D:\deep_learning_datasets\deep_learning\data\keypoints\dd_0069.npy,dd,8,dd_0009.mp4,77,77,ok
D:\deep_learning_datasets\deep_learning\data\keypoints\dd_0070.npy,dd,8,dd_0010.mp4,76,76,ok
D:\deep_learning_datasets\deep_learning\data\keypoints\dd_0071.npy,dd,8,dd_0011.mp4,77,65,ok
D:\deep_learning_datasets\deep_learning\data\keypoints\dd_0072.npy,dd,8,dd_0012.mp4,77,77,ok
D:\deep_learning_datasets\deep_learning\data\keypoints\dd_0073.npy,dd,8,dd_0013.mp4,76,56,ok
D:\deep_learning_datasets\deep_learning\data\keypoints\dd_0074.npy,dd,8,dd_0014.mp4,76,60,ok
D:\deep_learning_datasets\deep_learning\data\keypoints\dd_0075.npy,dd,8,dd_0015.mp4,76,67,ok
D:\deep_learning_datasets\deep_learning\data\keypoints\dd_0076.npy,dd,8,dd_0016.mp4,77,77,ok
D:\deep_learning_datasets\deep_learning\data\keypoints\dd_0077.npy,dd,8,dd_0017.mp4,77,68,ok
D:\deep_learning_datasets\deep_learning\data\keypoints\dd_0078.npy,dd,8,dd_0018.mp4,77,76,ok
D:\deep_learning_datasets\deep_learning\data\keypoints\dd_0079.npy,dd,8,dd_0019.mp4,75,53,ok
D:\deep_learning_datasets\deep_learning\data\keypoints\dd_0080.npy,dd,8,dd_0020.mp4,76,73,ok
D:\deep_learning_datasets\deep_learning\data\keypoints\e_0000.npy,e,9,D0496.mp4,80,39,ok
D:\deep_learning_datasets\deep_learning\data\keypoints\e_0001.npy,e,9,e_0000000.mp4,61,36,ok
D:\deep_learning_datasets\deep_learning\data\keypoints\e_0002.npy,e,9,e_0000001.mp4,71,42,ok
D:\deep_learning_datasets\deep_learning\data\keypoints\e_0003.npy,e,9,e_0000002.mp4,72,43,ok
D:\deep_learning_datasets\deep_learning\data\keypoints\e_0004.npy,e,9,e_0000003.mp4,77,45,ok
D:\deep_learning_datasets\deep_learning\data\keypoints\e_0005.npy,e,9,e_0000004.mp4,74,43,ok
D:\deep_learning_datasets\deep_learning\data\keypoints\e_0006.npy,e,9,e_0000005.mp4,81,49,ok
D:\deep_learning_datasets\deep_learning\data\keypoints\e_0007.npy,e,9,e_0000006.mp4,77,46,ok
D:\deep_learning_datasets\deep_learning\data\keypoints\e_0008.npy,e,9,e_0000007.mp4,77,42,ok
D:\deep_learning_datasets\deep_learning\data\keypoints\e_0009.npy,e,9,e_0000008.mp4,82,48,ok
D:\deep_learning_datasets\deep_learning\data\keypoints\e_0010.npy,e,9,e_0000009.mp4,80,50,ok
D:\deep_learning_datasets\deep_learning\data\keypoints\e_0011.npy,e,9,e_000001.mp4,45,25,ok
D:\deep_learning_datasets\deep_learning\data\keypoints\e_0012.npy,e,9,e_0000010.mp4,79,47,ok
D:\deep_learning_datasets\deep_learning\data\keypoints\e_0013.npy,e,9,e_0000011.mp4,81,45,ok
D:\deep_learning_datasets\deep_learning\data\keypoints\e_0014.npy,e,9,e_0000012.mp4,88,52,ok
D:\deep_learning_datasets\deep_learning\data\keypoints\e_0015.npy,e,9,e_0000013.mp4,84,51,ok
D:\deep_learning_datasets\deep_learning\data\keypoints\e_0016.npy,e,9,e_0000014.mp4,81,46,ok
D:\deep_learning_datasets\deep_learning\data\keypoints\e_0017.npy,e,9,e_0000015.mp4,77,46,ok
D:\deep_learning_datasets\deep_learning\data\keypoints\e_0018.npy,e,9,e_0000016.mp4,77,46,ok
D:\deep_learning_datasets\deep_learning\data\keypoints\e_0019.npy,e,9,e_0000017.mp4,80,46,ok
D:\deep_learning_datasets\deep_learning\data\keypoints\e_0020.npy,e,9,e_0000018.mp4,76,46,ok
D:\deep_learning_datasets\deep_learning\data\keypoints\e_0021.npy,e,9,e_0000019.mp4,76,47,ok
D:\deep_learning_datasets\deep_learning\data\keypoints\e_0022.npy,e,9,e_000002.mp4,47,24,ok
D:\deep_learning_datasets\deep_learning\data\keypoints\e_0023.npy,e,9,e_000003.mp4,45,25,ok
D:\deep_learning_datasets\deep_learning\data\keypoints\e_0024.npy,e,9,e_000004.mp4,43,25,ok
D:\deep_learning_datasets\deep_learning\data\keypoints\e_0025.npy,e,9,e_000005.mp4,48,25,ok
D:\deep_learning_datasets\deep_learning\data\keypoints\e_0026.npy,e,9,e_000006.mp4,44,21,ok
D:\deep_learning_datasets\deep_learning\data\keypoints\e_0027.npy,e,9,e_000007.mp4,43,25,ok
D:\deep_learning_datasets\deep_learning\data\keypoints\e_0028.npy,e,9,e_000008.mp4,41,25,ok
D:\deep_learning_datasets\deep_learning\data\keypoints\e_0029.npy,e,9,e_000009.mp4,42,22,ok
D:\deep_learning_datasets\deep_learning\data\keypoints\e_0030.npy,e,9,e_00001.mp4,65,33,ok
D:\deep_learning_datasets\deep_learning\data\keypoints\e_0031.npy,e,9,e_000010.mp4,47,27,ok
D:\deep_learning_datasets\deep_learning\data\keypoints\e_0032.npy,e,9,e_000011.mp4,46,25,ok
D:\deep_learning_datasets\deep_learning\data\keypoints\e_0033.npy,e,9,e_000012.mp4,46,28,ok
D:\deep_learning_datasets\deep_learning\data\keypoints\e_0034.npy,e,9,e_000013.mp4,39,18,ok
D:\deep_learning_datasets\deep_learning\data\keypoints\e_0035.npy,e,9,e_000014.mp4,41,24,ok
D:\deep_learning_datasets\deep_learning\data\keypoints\e_0036.npy,e,9,e_000015.mp4,42,25,ok
D:\deep_learning_datasets\deep_learning\data\keypoints\e_0037.npy,e,9,e_000016.mp4,47,28,ok
D:\deep_learning_datasets\deep_learning\data\keypoints\e_0038.npy,e,9,e_000017.mp4,44,27,ok
D:\deep_learning_datasets\deep_learning\data\keypoints\e_0039.npy,e,9,e_000018.mp4,45,25,ok
D:\deep_learning_datasets\deep_learning\data\keypoints\e_0040.npy,e,9,e_000019.mp4,45,29,ok
D:\deep_learning_datasets\deep_learning\data\keypoints\e_0041.npy,e,9,e_00002.mp4,74,44,ok
D:\deep_learning_datasets\deep_learning\data\keypoints\e_0042.npy,e,9,e_000020.mp4,49,29,ok
D:\deep_learning_datasets\deep_learning\data\keypoints\e_0043.npy,e,9,e_00003.mp4,76,31,ok
D:\deep_learning_datasets\deep_learning\data\keypoints\e_0044.npy,e,9,e_00004.mp4,61,30,ok
D:\deep_learning_datasets\deep_learning\data\keypoints\e_0045.npy,e,9,e_00005.mp4,71,36,ok
D:\deep_learning_datasets\deep_learning\data\keypoints\e_0046.npy,e,9,e_00006.mp4,74,36,ok
D:\deep_learning_datasets\deep_learning\data\keypoints\e_0047.npy,e,9,e_00007.mp4,66,32,ok
D:\deep_learning_datasets\deep_learning\data\keypoints\e_0048.npy,e,9,e_00008.mp4,76,40,ok
D:\deep_learning_datasets\deep_learning\data\keypoints\e_0049.npy,e,9,e_00009.mp4,74,36,ok
D:\deep_learning_datasets\deep_learning\data\keypoints\e_0050.npy,e,9,e_0001.mp4,77,61,ok
D:\deep_learning_datasets\deep_learning\data\keypoints\e_0051.npy,e,9,e_00010.mp4,51,36,ok
D:\deep_learning_datasets\deep_learning\data\keypoints\e_0052.npy,e,9,e_00011.mp4,72,41,ok
D:\deep_learning_datasets\deep_learning\data\keypoints\e_0053.npy,e,9,e_00012.mp4,65,38,ok
D:\deep_learning_datasets\deep_learning\data\keypoints\e_0054.npy,e,9,e_00013.mp4,72,41,ok
D:\deep_learning_datasets\deep_learning\data\keypoints\e_0055.npy,e,9,e_00014.mp4,74,45,ok
D:\deep_learning_datasets\deep_learning\data\keypoints\e_0056.npy,e,9,e_00015.mp4,67,41,ok
D:\deep_learning_datasets\deep_learning\data\keypoints\e_0057.npy,e,9,e_00016.mp4,60,36,ok
D:\deep_learning_datasets\deep_learning\data\keypoints\e_0058.npy,e,9,e_00017.mp4,69,38,ok
D:\deep_learning_datasets\deep_learning\data\keypoints\e_0059.npy,e,9,e_00018.mp4,62,33,ok
D:\deep_learning_datasets\deep_learning\data\keypoints\e_0060.npy,e,9,e_00019.mp4,60,36,ok
D:\deep_learning_datasets\deep_learning\data\keypoints\e_0061.npy,e,9,e_0002.mp4,77,61,ok
D:\deep_learning_datasets\deep_learning\data\keypoints\e_0062.npy,e,9,e_00020.mp4,66,34,ok
D:\deep_learning_datasets\deep_learning\data\keypoints\e_0063.npy,e,9,e_0003.mp4,76,48,ok
D:\deep_learning_datasets\deep_learning\data\keypoints\e_0064.npy,e,9,e_0004.mp4,76,66,ok
D:\deep_learning_datasets\deep_learning\data\keypoints\e_0065.npy,e,9,e_0005.mp4,77,55,ok
D:\deep_learning_datasets\deep_learning\data\keypoints\e_0066.npy,e,9,e_0006.mp4,77,47,ok
D:\deep_learning_datasets\deep_learning\data\keypoints\e_0067.npy,e,9,e_0007.mp4,77,77,ok
D:\deep_learning_datasets\deep_learning\data\keypoints\e_0068.npy,e,9,e_0008.mp4,77,54,ok
D:\deep_learning_datasets\deep_learning\data\keypoints\e_0069.npy,e,9,e_0009.mp4,77,71,ok
D:\deep_learning_datasets\deep_learning\data\keypoints\e_0070.npy,e,9,e_0010.mp4,77,77,ok
D:\deep_learning_datasets\deep_learning\data\keypoints\e_0071.npy,e,9,e_0011.mp4,76,60,ok
D:\deep_learning_datasets\deep_learning\data\keypoints\e_0072.npy,e,9,e_0012.mp4,76,55,ok
D:\deep_learning_datasets\deep_learning\data\keypoints\e_0073.npy,e,9,e_0013.mp4,77,71,ok
D:\deep_learning_datasets\deep_learning\data\keypoints\e_0074.npy,e,9,e_0014.mp4,77,77,ok
D:\deep_learning_datasets\deep_learning\data\keypoints\e_0075.npy,e,9,e_0015.mp4,77,77,ok
D:\deep_learning_datasets\deep_learning\data\keypoints\e_0076.npy,e,9,e_0016.mp4,77,77,ok
D:\deep_learning_datasets\deep_learning\data\keypoints\e_0077.npy,e,9,e_0017.mp4,76,59,ok
D:\deep_learning_datasets\deep_learning\data\keypoints\e_0078.npy,e,9,e_0018.mp4,76,76,ok
D:\deep_learning_datasets\deep_learning\data\keypoints\e_0079.npy,e,9,e_0019.mp4,77,65,ok
D:\deep_learning_datasets\deep_learning\data\keypoints\e_0080.npy,e,9,e_0020.mp4,77,62,ok
D:\deep_learning_datasets\deep_learning\data\keypoints\ee_0000.npy,ee,10,D0497N.mp4,129,50,ok
D:\deep_learning_datasets\deep_learning\data\keypoints\ee_0001.npy,ee,10,ee_0000000.mp4,81,57,ok
D:\deep_learning_datasets\deep_learning\data\keypoints\ee_0002.npy,ee,10,ee_0000001.mp4,98,72,ok
D:\deep_learning_datasets\deep_learning\data\keypoints\ee_0003.npy,ee,10,ee_0000002.mp4,85,61,ok
D:\deep_learning_datasets\deep_learning\data\keypoints\ee_0004.npy,ee,10,ee_0000003.mp4,95,71,ok
D:\deep_learning_datasets\deep_learning\data\keypoints\ee_0005.npy,ee,10,ee_0000004.mp4,104,76,ok
D:\deep_learning_datasets\deep_learning\data\keypoints\ee_0006.npy,ee,10,ee_0000005.mp4,113,87,ok
D:\deep_learning_datasets\deep_learning\data\keypoints\ee_0007.npy,ee,10,ee_0000006.mp4,105,77,ok
D:\deep_learning_datasets\deep_learning\data\keypoints\ee_0008.npy,ee,10,ee_0000007.mp4,117,89,ok
D:\deep_learning_datasets\deep_learning\data\keypoints\ee_0009.npy,ee,10,ee_0000008.mp4,123,95,ok
D:\deep_learning_datasets\deep_learning\data\keypoints\ee_0010.npy,ee,10,ee_0000009.mp4,107,76,ok
D:\deep_learning_datasets\deep_learning\data\keypoints\ee_0011.npy,ee,10,ee_000001.mp4,81,48,ok
D:\deep_learning_datasets\deep_learning\data\keypoints\ee_0012.npy,ee,10,ee_0000010.mp4,100,76,ok
D:\deep_learning_datasets\deep_learning\data\keypoints\ee_0013.npy,ee,10,ee_0000011.mp4,110,83,ok
D:\deep_learning_datasets\deep_learning\data\keypoints\ee_0014.npy,ee,10,ee_0000012.mp4,99,69,ok
D:\deep_learning_datasets\deep_learning\data\keypoints\ee_0015.npy,ee,10,ee_0000013.mp4,101,71,ok
D:\deep_learning_datasets\deep_learning\data\keypoints\ee_0016.npy,ee,10,ee_0000014.mp4,109,86,ok
D:\deep_learning_datasets\deep_learning\data\keypoints\ee_0017.npy,ee,10,ee_0000015.mp4,108,84,ok
D:\deep_learning_datasets\deep_learning\data\keypoints\ee_0018.npy,ee,10,ee_0000016.mp4,105,81,ok
D:\deep_learning_datasets\deep_learning\data\keypoints\ee_0019.npy,ee,10,ee_0000017.mp4,111,82,ok
D:\deep_learning_datasets\deep_learning\data\keypoints\ee_0020.npy,ee,10,ee_0000018.mp4,110,77,ok
D:\deep_learning_datasets\deep_learning\data\keypoints\ee_0021.npy,ee,10,ee_0000019.mp4,99,74,ok
D:\deep_learning_datasets\deep_learning\data\keypoints\ee_0022.npy,ee,10,ee_000002.mp4,81,52,ok
D:\deep_learning_datasets\deep_learning\data\keypoints\ee_0023.npy,ee,10,ee_000003.mp4,81,57,ok
D:\deep_learning_datasets\deep_learning\data\keypoints\ee_0024.npy,ee,10,ee_000004.mp4,122,94,ok
D:\deep_learning_datasets\deep_learning\data\keypoints\ee_0025.npy,ee,10,ee_000005.mp4,84,56,ok
D:\deep_learning_datasets\deep_learning\data\keypoints\ee_0026.npy,ee,10,ee_000006.mp4,77,57,ok
D:\deep_learning_datasets\deep_learning\data\keypoints\ee_0027.npy,ee,10,ee_000007.mp4,66,58,ok
D:\deep_learning_datasets\deep_learning\data\keypoints\ee_0028.npy,ee,10,ee_000008.mp4,76,53,ok
D:\deep_learning_datasets\deep_learning\data\keypoints\ee_0029.npy,ee,10,ee_000009.mp4,77,52,ok
D:\deep_learning_datasets\deep_learning\data\keypoints\ee_0030.npy,ee,10,ee_00001.mp4,86,52,ok
D:\deep_learning_datasets\deep_learning\data\keypoints\ee_0031.npy,ee,10,ee_000010.mp4,68,40,ok
D:\deep_learning_datasets\deep_learning\data\keypoints\ee_0032.npy,ee,10,ee_000011.mp4,68,38,ok
D:\deep_learning_datasets\deep_learning\data\keypoints\ee_0033.npy,ee,10,ee_000012.mp4,87,67,ok
D:\deep_learning_datasets\deep_learning\data\keypoints\ee_0034.npy,ee,10,ee_000013.mp4,65,48,ok
D:\deep_learning_datasets\deep_learning\data\keypoints\ee_0035.npy,ee,10,ee_000014.mp4,90,70,ok
D:\deep_learning_datasets\deep_learning\data\keypoints\ee_0036.npy,ee,10,ee_000015.mp4,69,49,ok
D:\deep_learning_datasets\deep_learning\data\keypoints\ee_0037.npy,ee,10,ee_000016.mp4,59,42,ok
D:\deep_learning_datasets\deep_learning\data\keypoints\ee_0038.npy,ee,10,ee_000017.mp4,69,49,ok
D:\deep_learning_datasets\deep_learning\data\keypoints\ee_0039.npy,ee,10,ee_000018.mp4,60,40,ok
D:\deep_learning_datasets\deep_learning\data\keypoints\ee_0040.npy,ee,10,ee_000019.mp4,53,33,ok
D:\deep_learning_datasets\deep_learning\data\keypoints\ee_0041.npy,ee,10,ee_00002.mp4,102,60,ok
D:\deep_learning_datasets\deep_learning\data\keypoints\ee_0042.npy,ee,10,ee_000020.mp4,59,36,ok
D:\deep_learning_datasets\deep_learning\data\keypoints\ee_0043.npy,ee,10,ee_00003.mp4,88,54,ok
D:\deep_learning_datasets\deep_learning\data\keypoints\ee_0044.npy,ee,10,ee_00004.mp4,94,60,ok
D:\deep_learning_datasets\deep_learning\data\keypoints\ee_0045.npy,ee,10,ee_00005.mp4,97,64,ok
D:\deep_learning_datasets\deep_learning\data\keypoints\ee_0046.npy,ee,10,ee_00006.mp4,109,67,ok
D:\deep_learning_datasets\deep_learning\data\keypoints\ee_0047.npy,ee,10,ee_00007.mp4,89,53,ok
D:\deep_learning_datasets\deep_learning\data\keypoints\ee_0048.npy,ee,10,ee_00008.mp4,94,52,ok
D:\deep_learning_datasets\deep_learning\data\keypoints\ee_0049.npy,ee,10,ee_00009.mp4,100,58,ok
D:\deep_learning_datasets\deep_learning\data\keypoints\ee_0050.npy,ee,10,ee_0001.mp4,76,63,ok
D:\deep_learning_datasets\deep_learning\data\keypoints\ee_0051.npy,ee,10,ee_00010.mp4,81,48,ok
D:\deep_learning_datasets\deep_learning\data\keypoints\ee_0052.npy,ee,10,ee_00011.mp4,90,52,ok
D:\deep_learning_datasets\deep_learning\data\keypoints\ee_0053.npy,ee,10,ee_00012.mp4,85,57,ok
D:\deep_learning_datasets\deep_learning\data\keypoints\ee_0054.npy,ee,10,ee_00013.mp4,94,52,ok
D:\deep_learning_datasets\deep_learning\data\keypoints\ee_0055.npy,ee,10,ee_00014.mp4,88,53,ok
D:\deep_learning_datasets\deep_learning\data\keypoints\ee_0056.npy,ee,10,ee_00015.mp4,93,55,ok
D:\deep_learning_datasets\deep_learning\data\keypoints\ee_0057.npy,ee,10,ee_00016.mp4,90,55,ok
D:\deep_learning_datasets\deep_learning\data\keypoints\ee_0058.npy,ee,10,ee_00017.mp4,108,69,ok
D:\deep_learning_datasets\deep_learning\data\keypoints\ee_0059.npy,ee,10,ee_00018.mp4,96,54,ok
D:\deep_learning_datasets\deep_learning\data\keypoints\ee_0060.npy,ee,10,ee_00019.mp4,91,59,ok
D:\deep_learning_datasets\deep_learning\data\keypoints\ee_0061.npy,ee,10,ee_0002.mp4,76,63,ok
D:\deep_learning_datasets\deep_learning\data\keypoints\ee_0062.npy,ee,10,ee_00020.mp4,91,52,ok
D:\deep_learning_datasets\deep_learning\data\keypoints\ee_0063.npy,ee,10,ee_0003.mp4,76,52,ok
D:\deep_learning_datasets\deep_learning\data\keypoints\ee_0064.npy,ee,10,ee_0004.mp4,77,65,ok
D:\deep_learning_datasets\deep_learning\data\keypoints\ee_0065.npy,ee,10,ee_0005.mp4,77,62,ok
D:\deep_learning_datasets\deep_learning\data\keypoints\ee_0066.npy,ee,10,ee_0006.mp4,77,66,ok
D:\deep_learning_datasets\deep_learning\data\keypoints\ee_0067.npy,ee,10,ee_0007.mp4,76,59,ok
D:\deep_learning_datasets\deep_learning\data\keypoints\ee_0068.npy,ee,10,ee_0008.mp4,46,29,ok
D:\deep_learning_datasets\deep_learning\data\keypoints\ee_0069.npy,ee,10,ee_0009.mp4,77,67,ok
D:\deep_learning_datasets\deep_learning\data\keypoints\ee_0070.npy,ee,10,ee_0010.mp4,77,59,ok
D:\deep_learning_datasets\deep_learning\data\keypoints\ee_0071.npy,ee,10,ee_0011.mp4,76,68,ok
D:\deep_learning_datasets\deep_learning\data\keypoints\ee_0072.npy,ee,10,ee_0012.mp4,76,72,ok
D:\deep_learning_datasets\deep_learning\data\keypoints\ee_0073.npy,ee,10,ee_0013.mp4,77,69,ok
D:\deep_learning_datasets\deep_learning\data\keypoints\ee_0074.npy,ee,10,ee_0014.mp4,77,65,ok
D:\deep_learning_datasets\deep_learning\data\keypoints\ee_0075.npy,ee,10,ee_0015.mp4,76,65,ok
D:\deep_learning_datasets\deep_learning\data\keypoints\ee_0076.npy,ee,10,ee_0016.mp4,76,70,ok
D:\deep_learning_datasets\deep_learning\data\keypoints\ee_0077.npy,ee,10,ee_0017.mp4,75,48,ok
D:\deep_learning_datasets\deep_learning\data\keypoints\ee_0078.npy,ee,10,ee_0018.mp4,77,68,ok
D:\deep_learning_datasets\deep_learning\data\keypoints\ee_0079.npy,ee,10,ee_0019.mp4,77,63,ok
D:\deep_learning_datasets\deep_learning\data\keypoints\ee_0080.npy,ee,10,ee_0020.mp4,76,50,ok
D:\deep_learning_datasets\deep_learning\data\keypoints\g_0000.npy,g,11,D0498N.mp4,90,40,ok
D:\deep_learning_datasets\deep_learning\data\keypoints\g_0001.npy,g,11,g_0000000.mp4,77,46,ok
D:\deep_learning_datasets\deep_learning\data\keypoints\g_0002.npy,g,11,g_0000001.mp4,74,43,ok
D:\deep_learning_datasets\deep_learning\data\keypoints\g_0003.npy,g,11,g_0000002.mp4,74,41,ok
D:\deep_learning_datasets\deep_learning\data\keypoints\g_0004.npy,g,11,g_0000003.mp4,78,45,ok
D:\deep_learning_datasets\deep_learning\data\keypoints\g_0005.npy,g,11,g_0000004.mp4,85,53,ok
D:\deep_learning_datasets\deep_learning\data\keypoints\g_0006.npy,g,11,g_0000005.mp4,75,45,ok
D:\deep_learning_datasets\deep_learning\data\keypoints\g_0007.npy,g,11,g_0000006.mp4,75,46,ok
D:\deep_learning_datasets\deep_learning\data\keypoints\g_0008.npy,g,11,g_0000007.mp4,84,51,ok
D:\deep_learning_datasets\deep_learning\data\keypoints\g_0009.npy,g,11,g_0000008.mp4,78,51,ok
D:\deep_learning_datasets\deep_learning\data\keypoints\g_0010.npy,g,11,g_0000009.mp4,75,47,ok
D:\deep_learning_datasets\deep_learning\data\keypoints\g_0011.npy,g,11,g_000001.mp4,35,15,ok
D:\deep_learning_datasets\deep_learning\data\keypoints\g_0012.npy,g,11,g_0000010.mp4,77,48,ok
D:\deep_learning_datasets\deep_learning\data\keypoints\g_0013.npy,g,11,g_0000011.mp4,71,36,ok
D:\deep_learning_datasets\deep_learning\data\keypoints\g_0014.npy,g,11,g_0000012.mp4,66,35,ok
D:\deep_learning_datasets\deep_learning\data\keypoints\g_0015.npy,g,11,g_0000013.mp4,75,44,ok
D:\deep_learning_datasets\deep_learning\data\keypoints\g_0016.npy,g,11,g_0000014.mp4,77,48,ok
D:\deep_learning_datasets\deep_learning\data\keypoints\g_0017.npy,g,11,g_0000015.mp4,81,49,ok
D:\deep_learning_datasets\deep_learning\data\keypoints\g_0018.npy,g,11,g_0000016.mp4,71,42,ok
D:\deep_learning_datasets\deep_learning\data\keypoints\g_0019.npy,g,11,g_0000017.mp4,86,53,ok
D:\deep_learning_datasets\deep_learning\data\keypoints\g_0020.npy,g,11,g_0000018.mp4,66,33,ok
D:\deep_learning_datasets\deep_learning\data\keypoints\g_0021.npy,g,11,g_0000019.mp4,66,36,ok
D:\deep_learning_datasets\deep_learning\data\keypoints\g_0022.npy,g,11,g_000002.mp4,30,10,ok
D:\deep_learning_datasets\deep_learning\data\keypoints\g_0023.npy,g,11,g_000003.mp4,36,16,ok
D:\deep_learning_datasets\deep_learning\data\keypoints\g_0024.npy,g,11,g_000004.mp4,32,10,ok
D:\deep_learning_datasets\deep_learning\data\keypoints\g_0025.npy,g,11,g_000005.mp4,33,13,ok
D:\deep_learning_datasets\deep_learning\data\keypoints\g_0026.npy,g,11,g_000006.mp4,35,15,ok
D:\deep_learning_datasets\deep_learning\data\keypoints\g_0027.npy,g,11,g_000007.mp4,39,16,ok
D:\deep_learning_datasets\deep_learning\data\keypoints\g_0028.npy,g,11,g_000008.mp4,39,16,ok
D:\deep_learning_datasets\deep_learning\data\keypoints\g_0029.npy,g,11,g_000009.mp4,32,13,ok
D:\deep_learning_datasets\deep_learning\data\keypoints\g_0030.npy,g,11,g_00001.mp4,68,32,ok
D:\deep_learning_datasets\deep_learning\data\keypoints\g_0031.npy,g,11,g_000010.mp4,36,13,ok
D:\deep_learning_datasets\deep_learning\data\keypoints\g_0032.npy,g,11,g_000011.mp4,33,13,ok
D:\deep_learning_datasets\deep_learning\data\keypoints\g_0033.npy,g,11,g_000012.mp4,33,13,ok
D:\deep_learning_datasets\deep_learning\data\keypoints\g_0034.npy,g,11,g_000013.mp4,54,31,ok
D:\deep_learning_datasets\deep_learning\data\keypoints\g_0035.npy,g,11,g_000014.mp4,34,11,ok
D:\deep_learning_datasets\deep_learning\data\keypoints\g_0036.npy,g,11,g_000015.mp4,30,12,ok
D:\deep_learning_datasets\deep_learning\data\keypoints\g_0037.npy,g,11,g_000016.mp4,24,7,ok
D:\deep_learning_datasets\deep_learning\data\keypoints\g_0038.npy,g,11,g_000017.mp4,26,12,ok
D:\deep_learning_datasets\deep_learning\data\keypoints\g_0039.npy,g,11,g_000018.mp4,39,20,ok
D:\deep_learning_datasets\deep_learning\data\keypoints\g_0040.npy,g,11,g_000019.mp4,26,5,ok
D:\deep_learning_datasets\deep_learning\data\keypoints\g_0041.npy,g,11,g_00002.mp4,70,33,ok
D:\deep_learning_datasets\deep_learning\data\keypoints\g_0042.npy,g,11,g_000020.mp4,46,25,ok
D:\deep_learning_datasets\deep_learning\data\keypoints\g_0043.npy,g,11,g_00003.mp4,71,31,ok
D:\deep_learning_datasets\deep_learning\data\keypoints\g_0044.npy,g,11,g_00004.mp4,64,28,ok
D:\deep_learning_datasets\deep_learning\data\keypoints\g_0045.npy,g,11,g_00005.mp4,75,32,ok
D:\deep_learning_datasets\deep_learning\data\keypoints\g_0046.npy,g,11,g_00006.mp4,67,34,ok
D:\deep_learning_datasets\deep_learning\data\keypoints\g_0047.npy,g,11,g_00007.mp4,72,33,ok
D:\deep_learning_datasets\deep_learning\data\keypoints\g_0048.npy,g,11,g_00008.mp4,71,32,ok
D:\deep_learning_datasets\deep_learning\data\keypoints\g_0049.npy,g,11,g_00009.mp4,74,33,ok
D:\deep_learning_datasets\deep_learning\data\keypoints\g_0050.npy,g,11,g_0001.mp4,76,23,ok
D:\deep_learning_datasets\deep_learning\data\keypoints\g_0051.npy,g,11,g_00010.mp4,66,30,ok
D:\deep_learning_datasets\deep_learning\data\keypoints\g_0052.npy,g,11,g_00011.mp4,72,33,ok
D:\deep_learning_datasets\deep_learning\data\keypoints\g_0053.npy,g,11,g_00012.mp4,70,30,ok
D:\deep_learning_datasets\deep_learning\data\keypoints\g_0054.npy,g,11,g_00013.mp4,62,26,ok
D:\deep_learning_datasets\deep_learning\data\keypoints\g_0055.npy,g,11,g_00014.mp4,66,28,ok
D:\deep_learning_datasets\deep_learning\data\keypoints\g_0056.npy,g,11,g_00015.mp4,72,33,ok
D:\deep_learning_datasets\deep_learning\data\keypoints\g_0057.npy,g,11,g_00016.mp4,71,29,ok
D:\deep_learning_datasets\deep_learning\data\keypoints\g_0058.npy,g,11,g_00017.mp4,67,29,ok
D:\deep_learning_datasets\deep_learning\data\keypoints\g_0059.npy,g,11,g_00018.mp4,67,34,ok
D:\deep_learning_datasets\deep_learning\data\keypoints\g_0060.npy,g,11,g_00019.mp4,66,32,ok
D:\deep_learning_datasets\deep_learning\data\keypoints\g_0061.npy,g,11,g_0002.mp4,76,23,ok
D:\deep_learning_datasets\deep_learning\data\keypoints\g_0062.npy,g,11,g_00020.mp4,68,31,ok
D:\deep_learning_datasets\deep_learning\data\keypoints\g_0063.npy,g,11,g_0003.mp4,75,47,ok
D:\deep_learning_datasets\deep_learning\data\keypoints\g_0064.npy,g,11,g_0004.mp4,77,48,ok
D:\deep_learning_datasets\deep_learning\data\keypoints\g_0065.npy,g,11,g_0005.mp4,76,45,ok
D:\deep_learning_datasets\deep_learning\data\keypoints\g_0066.npy,g,11,g_0006.mp4,76,51,ok
D:\deep_learning_datasets\deep_learning\data\keypoints\g_0067.npy,g,11,g_0007.mp4,76,51,ok
D:\deep_learning_datasets\deep_learning\data\keypoints\g_0068.npy,g,11,g_0008.mp4,76,50,ok
D:\deep_learning_datasets\deep_learning\data\keypoints\g_0069.npy,g,11,g_0009.mp4,76,48,ok
D:\deep_learning_datasets\deep_learning\data\keypoints\g_0070.npy,g,11,g_0010.mp4,77,44,ok
D:\deep_learning_datasets\deep_learning\data\keypoints\g_0071.npy,g,11,g_0011.mp4,75,38,ok
D:\deep_learning_datasets\deep_learning\data\keypoints\g_0072.npy,g,11,g_0012.mp4,77,40,ok
D:\deep_learning_datasets\deep_learning\data\keypoints\g_0073.npy,g,11,g_0013.mp4,77,47,ok
D:\deep_learning_datasets\deep_learning\data\keypoints\g_0074.npy,g,11,g_0014.mp4,75,39,ok
D:\deep_learning_datasets\deep_learning\data\keypoints\g_0075.npy,g,11,g_0015.mp4,76,40,ok
D:\deep_learning_datasets\deep_learning\data\keypoints\g_0076.npy,g,11,g_0016.mp4,77,38,ok
D:\deep_learning_datasets\deep_learning\data\keypoints\g_0077.npy,g,11,g_0017.mp4,77,40,ok
D:\deep_learning_datasets\deep_learning\data\keypoints\g_0078.npy,g,11,g_0018.mp4,75,30,ok
D:\deep_learning_datasets\deep_learning\data\keypoints\g_0079.npy,g,11,g_0019.mp4,76,35,ok
D:\deep_learning_datasets\deep_learning\data\keypoints\g_0080.npy,g,11,g_0020.mp4,76,38,ok
D:\deep_learning_datasets\deep_learning\data\keypoints\h_0000.npy,h,12,D0500N.mp4,65,35,ok
D:\deep_learning_datasets\deep_learning\data\keypoints\h_0001.npy,h,12,h_0000000.mp4,71,48,ok
D:\deep_learning_datasets\deep_learning\data\keypoints\h_0002.npy,h,12,h_0000001.mp4,65,40,ok
D:\deep_learning_datasets\deep_learning\data\keypoints\h_0003.npy,h,12,h_0000002.mp4,60,31,ok
D:\deep_learning_datasets\deep_learning\data\keypoints\h_0004.npy,h,12,h_0000003.mp4,60,37,ok
D:\deep_learning_datasets\deep_learning\data\keypoints\h_0005.npy,h,12,h_0000004.mp4,52,28,ok
D:\deep_learning_datasets\deep_learning\data\keypoints\h_0006.npy,h,12,h_0000005.mp4,64,40,ok
D:\deep_learning_datasets\deep_learning\data\keypoints\h_0007.npy,h,12,h_0000006.mp4,69,43,ok
D:\deep_learning_datasets\deep_learning\data\keypoints\h_0008.npy,h,12,h_0000007.mp4,62,36,ok
D:\deep_learning_datasets\deep_learning\data\keypoints\h_0009.npy,h,12,h_0000008.mp4,61,39,ok
D:\deep_learning_datasets\deep_learning\data\keypoints\h_0010.npy,h,12,h_0000009.mp4,57,34,ok
D:\deep_learning_datasets\deep_learning\data\keypoints\h_0011.npy,h,12,h_000001.mp4,48,31,ok
D:\deep_learning_datasets\deep_learning\data\keypoints\h_0012.npy,h,12,h_0000010.mp4,53,28,ok
D:\deep_learning_datasets\deep_learning\data\keypoints\h_0013.npy,h,12,h_0000011.mp4,55,28,ok
D:\deep_learning_datasets\deep_learning\data\keypoints\h_0014.npy,h,12,h_0000012.mp4,56,32,ok
D:\deep_learning_datasets\deep_learning\data\keypoints\h_0015.npy,h,12,h_0000013.mp4,61,32,ok
D:\deep_learning_datasets\deep_learning\data\keypoints\h_0016.npy,h,12,h_0000014.mp4,63,33,ok
D:\deep_learning_datasets\deep_learning\data\keypoints\h_0017.npy,h,12,h_0000015.mp4,65,35,ok
D:\deep_learning_datasets\deep_learning\data\keypoints\h_0018.npy,h,12,h_0000016.mp4,59,31,ok
D:\deep_learning_datasets\deep_learning\data\keypoints\h_0019.npy,h,12,h_0000017.mp4,62,36,ok
D:\deep_learning_datasets\deep_learning\data\keypoints\h_0020.npy,h,12,h_0000018.mp4,62,36,ok
D:\deep_learning_datasets\deep_learning\data\keypoints\h_0021.npy,h,12,h_0000019.mp4,62,35,ok
D:\deep_learning_datasets\deep_learning\data\keypoints\h_0022.npy,h,12,h_000002.mp4,30,13,ok
D:\deep_learning_datasets\deep_learning\data\keypoints\h_0023.npy,h,12,h_000003.mp4,42,16,ok
D:\deep_learning_datasets\deep_learning\data\keypoints\h_0024.npy,h,12,h_000004.mp4,39,19,ok
D:\deep_learning_datasets\deep_learning\data\keypoints\h_0025.npy,h,12,h_000005.mp4,39,19,ok
D:\deep_learning_datasets\deep_learning\data\keypoints\h_0026.npy,h,12,h_000006.mp4,39,13,ok
D:\deep_learning_datasets\deep_learning\data\keypoints\h_0027.npy,h,12,h_000007.mp4,43,18,ok
D:\deep_learning_datasets\deep_learning\data\keypoints\h_0028.npy,h,12,h_000008.mp4,39,16,ok
D:\deep_learning_datasets\deep_learning\data\keypoints\h_0029.npy,h,12,h_000009.mp4,37,18,ok
D:\deep_learning_datasets\deep_learning\data\keypoints\h_0030.npy,h,12,h_00001.mp4,79,45,ok
D:\deep_learning_datasets\deep_learning\data\keypoints\h_0031.npy,h,12,h_000010.mp4,38,12,ok
D:\deep_learning_datasets\deep_learning\data\keypoints\h_0032.npy,h,12,h_000011.mp4,39,18,ok
D:\deep_learning_datasets\deep_learning\data\keypoints\h_0033.npy,h,12,h_000012.mp4,40,17,ok
D:\deep_learning_datasets\deep_learning\data\keypoints\h_0034.npy,h,12,h_000013.mp4,37,14,ok
D:\deep_learning_datasets\deep_learning\data\keypoints\h_0035.npy,h,12,h_000014.mp4,36,17,ok
D:\deep_learning_datasets\deep_learning\data\keypoints\h_0036.npy,h,12,h_000015.mp4,41,23,ok
D:\deep_learning_datasets\deep_learning\data\keypoints\h_0037.npy,h,12,h_000016.mp4,34,13,ok
D:\deep_learning_datasets\deep_learning\data\keypoints\h_0038.npy,h,12,h_000017.mp4,41,11,ok
D:\deep_learning_datasets\deep_learning\data\keypoints\h_0039.npy,h,12,h_000018.mp4,32,13,ok
D:\deep_learning_datasets\deep_learning\data\keypoints\h_0040.npy,h,12,h_000019.mp4,31,11,ok
D:\deep_learning_datasets\deep_learning\data\keypoints\h_0041.npy,h,12,h_00002.mp4,69,41,ok
D:\deep_learning_datasets\deep_learning\data\keypoints\h_0042.npy,h,12,h_000020.mp4,35,15,ok
D:\deep_learning_datasets\deep_learning\data\keypoints\h_0043.npy,h,12,h_00003.mp4,77,48,ok
D:\deep_learning_datasets\deep_learning\data\keypoints\h_0044.npy,h,12,h_00004.mp4,74,44,ok
D:\deep_learning_datasets\deep_learning\data\keypoints\h_0045.npy,h,12,h_00005.mp4,70,46,ok
D:\deep_learning_datasets\deep_learning\data\keypoints\h_0046.npy,h,12,h_00006.mp4,70,46,ok
D:\deep_learning_datasets\deep_learning\data\keypoints\h_0047.npy,h,12,h_00007.mp4,72,46,ok
D:\deep_learning_datasets\deep_learning\data\keypoints\h_0048.npy,h,12,h_00008.mp4,72,46,ok
D:\deep_learning_datasets\deep_learning\data\keypoints\h_0049.npy,h,12,h_00009.mp4,69,47,ok
D:\deep_learning_datasets\deep_learning\data\keypoints\h_0050.npy,h,12,h_0001.mp4,77,61,ok
D:\deep_learning_datasets\deep_learning\data\keypoints\h_0051.npy,h,12,h_00010.mp4,70,51,ok
D:\deep_learning_datasets\deep_learning\data\keypoints\h_0052.npy,h,12,h_00011.mp4,80,50,ok
D:\deep_learning_datasets\deep_learning\data\keypoints\h_0053.npy,h,12,h_00012.mp4,74,48,ok
D:\deep_learning_datasets\deep_learning\data\keypoints\h_0054.npy,h,12,h_00013.mp4,73,48,ok
D:\deep_learning_datasets\deep_learning\data\keypoints\h_0055.npy,h,12,h_00014.mp4,82,46,ok
D:\deep_learning_datasets\deep_learning\data\keypoints\h_0056.npy,h,12,h_00015.mp4,66,46,ok
D:\deep_learning_datasets\deep_learning\data\keypoints\h_0057.npy,h,12,h_00016.mp4,64,47,ok
D:\deep_learning_datasets\deep_learning\data\keypoints\h_0058.npy,h,12,h_00017.mp4,84,47,ok
D:\deep_learning_datasets\deep_learning\data\keypoints\h_0059.npy,h,12,h_00018.mp4,59,42,ok
D:\deep_learning_datasets\deep_learning\data\keypoints\h_0060.npy,h,12,h_00019.mp4,78,48,ok
D:\deep_learning_datasets\deep_learning\data\keypoints\h_0061.npy,h,12,h_0002.mp4,77,61,ok
D:\deep_learning_datasets\deep_learning\data\keypoints\h_0062.npy,h,12,h_00020.mp4,85,50,ok
D:\deep_learning_datasets\deep_learning\data\keypoints\h_0063.npy,h,12,h_0003.mp4,77,72,ok
D:\deep_learning_datasets\deep_learning\data\keypoints\h_0064.npy,h,12,h_0004.mp4,78,54,ok
D:\deep_learning_datasets\deep_learning\data\keypoints\h_0065.npy,h,12,h_0005.mp4,76,46,ok
D:\deep_learning_datasets\deep_learning\data\keypoints\h_0066.npy,h,12,h_0006.mp4,77,54,ok
D:\deep_learning_datasets\deep_learning\data\keypoints\h_0067.npy,h,12,h_0007.mp4,77,57,ok
D:\deep_learning_datasets\deep_learning\data\keypoints\h_0068.npy,h,12,h_0008.mp4,77,45,ok
D:\deep_learning_datasets\deep_learning\data\keypoints\h_0069.npy,h,12,h_0009.mp4,77,48,ok
D:\deep_learning_datasets\deep_learning\data\keypoints\h_0070.npy,h,12,h_0010.mp4,77,53,ok
D:\deep_learning_datasets\deep_learning\data\keypoints\h_0071.npy,h,12,h_0011.mp4,76,43,ok
D:\deep_learning_datasets\deep_learning\data\keypoints\h_0072.npy,h,12,h_0012.mp4,76,50,ok
D:\deep_learning_datasets\deep_learning\data\keypoints\h_0073.npy,h,12,h_0013.mp4,76,59,ok
D:\deep_learning_datasets\deep_learning\data\keypoints\h_0074.npy,h,12,h_0014.mp4,76,63,ok
D:\deep_learning_datasets\deep_learning\data\keypoints\h_0075.npy,h,12,h_0015.mp4,76,65,ok
D:\deep_learning_datasets\deep_learning\data\keypoints\h_0076.npy,h,12,h_0016.mp4,76,76,ok
D:\deep_learning_datasets\deep_learning\data\keypoints\h_0077.npy,h,12,h_0017.mp4,76,44,ok
D:\deep_learning_datasets\deep_learning\data\keypoints\h_0078.npy,h,12,h_0018.mp4,77,48,ok
D:\deep_learning_datasets\deep_learning\data\keypoints\h_0079.npy,h,12,h_0019.mp4,76,47,ok
D:\deep_learning_datasets\deep_learning\data\keypoints\h_0080.npy,h,12,h_0020.mp4,76,46,ok
D:\deep_learning_datasets\deep_learning\data\keypoints\i_0000.npy,i,13,D0501.mp4,60,37,ok
D:\deep_learning_datasets\deep_learning\data\keypoints\i_0001.npy,i,13,i_0000000.mp4,57,31,ok
D:\deep_learning_datasets\deep_learning\data\keypoints\i_0002.npy,i,13,i_0000001.mp4,64,38,ok
D:\deep_learning_datasets\deep_learning\data\keypoints\i_0003.npy,i,13,i_0000002.mp4,66,37,ok
D:\deep_learning_datasets\deep_learning\data\keypoints\i_0004.npy,i,13,i_0000003.mp4,70,45,ok
D:\deep_learning_datasets\deep_learning\data\keypoints\i_0005.npy,i,13,i_0000004.mp4,71,46,ok
D:\deep_learning_datasets\deep_learning\data\keypoints\i_0006.npy,i,13,i_0000005.mp4,68,39,ok
D:\deep_learning_datasets\deep_learning\data\keypoints\i_0007.npy,i,13,i_0000006.mp4,67,38,ok
D:\deep_learning_datasets\deep_learning\data\keypoints\i_0008.npy,i,13,i_0000007.mp4,75,42,ok
D:\deep_learning_datasets\deep_learning\data\keypoints\i_0009.npy,i,13,i_0000008.mp4,73,46,ok
D:\deep_learning_datasets\deep_learning\data\keypoints\i_0010.npy,i,13,i_0000009.mp4,69,40,ok
D:\deep_learning_datasets\deep_learning\data\keypoints\i_0011.npy,i,13,i_000001.mp4,36,16,ok
D:\deep_learning_datasets\deep_learning\data\keypoints\i_0012.npy,i,13,i_0000010.mp4,66,36,ok
D:\deep_learning_datasets\deep_learning\data\keypoints\i_0013.npy,i,13,i_0000011.mp4,74,44,ok
D:\deep_learning_datasets\deep_learning\data\keypoints\i_0014.npy,i,13,i_0000012.mp4,71,44,ok
D:\deep_learning_datasets\deep_learning\data\keypoints\i_0015.npy,i,13,i_0000013.mp4,65,36,ok
D:\deep_learning_datasets\deep_learning\data\keypoints\i_0016.npy,i,13,i_0000014.mp4,73,42,ok
D:\deep_learning_datasets\deep_learning\data\keypoints\i_0017.npy,i,13,i_0000015.mp4,70,40,ok
D:\deep_learning_datasets\deep_learning\data\keypoints\i_0018.npy,i,13,i_0000016.mp4,70,38,ok
D:\deep_learning_datasets\deep_learning\data\keypoints\i_0019.npy,i,13,i_0000017.mp4,65,36,ok
D:\deep_learning_datasets\deep_learning\data\keypoints\i_0020.npy,i,13,i_0000018.mp4,62,35,ok
D:\deep_learning_datasets\deep_learning\data\keypoints\i_0021.npy,i,13,i_0000019.mp4,60,35,ok
D:\deep_learning_datasets\deep_learning\data\keypoints\i_0022.npy,i,13,i_000002.mp4,35,16,ok
D:\deep_learning_datasets\deep_learning\data\keypoints\i_0023.npy,i,13,i_000003.mp4,36,19,ok
D:\deep_learning_datasets\deep_learning\data\keypoints\i_0024.npy,i,13,i_000004.mp4,41,25,ok
D:\deep_learning_datasets\deep_learning\data\keypoints\i_0025.npy,i,13,i_000005.mp4,36,19,ok
D:\deep_learning_datasets\deep_learning\data\keypoints\i_0026.npy,i,13,i_000006.mp4,38,18,ok
D:\deep_learning_datasets\deep_learning\data\keypoints\i_0027.npy,i,13,i_000007.mp4,36,15,ok
D:\deep_learning_datasets\deep_learning\data\keypoints\i_0028.npy,i,13,i_000008.mp4,38,20,ok
D:\deep_learning_datasets\deep_learning\data\keypoints\i_0029.npy,i,13,i_000009.mp4,36,18,ok
D:\deep_learning_datasets\deep_learning\data\keypoints\i_0030.npy,i,13,i_00001.mp4,72,32,ok
D:\deep_learning_datasets\deep_learning\data\keypoints\i_0031.npy,i,13,i_000010.mp4,41,22,ok
D:\deep_learning_datasets\deep_learning\data\keypoints\i_0032.npy,i,13,i_000011.mp4,37,17,ok
D:\deep_learning_datasets\deep_learning\data\keypoints\i_0033.npy,i,13,i_000012.mp4,41,21,ok
D:\deep_learning_datasets\deep_learning\data\keypoints\i_0034.npy,i,13,i_000013.mp4,38,19,ok
D:\deep_learning_datasets\deep_learning\data\keypoints\i_0035.npy,i,13,i_000014.mp4,40,20,ok
D:\deep_learning_datasets\deep_learning\data\keypoints\i_0036.npy,i,13,i_000015.mp4,38,19,ok
D:\deep_learning_datasets\deep_learning\data\keypoints\i_0037.npy,i,13,i_000016.mp4,37,22,ok
D:\deep_learning_datasets\deep_learning\data\keypoints\i_0038.npy,i,13,i_000017.mp4,32,13,ok
D:\deep_learning_datasets\deep_learning\data\keypoints\i_0039.npy,i,13,i_000018.mp4,34,11,ok
D:\deep_learning_datasets\deep_learning\data\keypoints\i_0040.npy,i,13,i_000019.mp4,37,21,ok
D:\deep_learning_datasets\deep_learning\data\keypoints\i_0041.npy,i,13,i_00002.mp4,63,30,ok
D:\deep_learning_datasets\deep_learning\data\keypoints\i_0042.npy,i,13,i_000020.mp4,47,41,ok
D:\deep_learning_datasets\deep_learning\data\keypoints\i_0043.npy,i,13,i_00003.mp4,70,33,ok
D:\deep_learning_datasets\deep_learning\data\keypoints\i_0044.npy,i,13,i_00004.mp4,72,39,ok
D:\deep_learning_datasets\deep_learning\data\keypoints\i_0045.npy,i,13,i_00005.mp4,65,33,ok
D:\deep_learning_datasets\deep_learning\data\keypoints\i_0046.npy,i,13,i_00006.mp4,74,38,ok
D:\deep_learning_datasets\deep_learning\data\keypoints\i_0047.npy,i,13,i_00007.mp4,72,32,ok
D:\deep_learning_datasets\deep_learning\data\keypoints\i_0048.npy,i,13,i_00008.mp4,66,36,ok
D:\deep_learning_datasets\deep_learning\data\keypoints\i_0049.npy,i,13,i_00009.mp4,65,34,ok
D:\deep_learning_datasets\deep_learning\data\keypoints\i_0050.npy,i,13,i_0001.mp4,76,51,ok
D:\deep_learning_datasets\deep_learning\data\keypoints\i_0051.npy,i,13,i_00010.mp4,76,36,ok
D:\deep_learning_datasets\deep_learning\data\keypoints\i_0052.npy,i,13,i_00011.mp4,85,38,ok
D:\deep_learning_datasets\deep_learning\data\keypoints\i_0053.npy,i,13,i_00012.mp4,65,34,ok
D:\deep_learning_datasets\deep_learning\data\keypoints\i_0054.npy,i,13,i_00013.mp4,65,31,ok
D:\deep_learning_datasets\deep_learning\data\keypoints\i_0055.npy,i,13,i_00014.mp4,65,31,ok
D:\deep_learning_datasets\deep_learning\data\keypoints\i_0056.npy,i,13,i_00015.mp4,69,35,ok
D:\deep_learning_datasets\deep_learning\data\keypoints\i_0057.npy,i,13,i_00016.mp4,76,43,ok
D:\deep_learning_datasets\deep_learning\data\keypoints\i_0058.npy,i,13,i_00017.mp4,80,39,ok
D:\deep_learning_datasets\deep_learning\data\keypoints\i_0059.npy,i,13,i_00018.mp4,73,44,ok
D:\deep_learning_datasets\deep_learning\data\keypoints\i_0060.npy,i,13,i_00019.mp4,60,32,ok
D:\deep_learning_datasets\deep_learning\data\keypoints\i_0061.npy,i,13,i_0002.mp4,76,51,ok
D:\deep_learning_datasets\deep_learning\data\keypoints\i_0062.npy,i,13,i_00020.mp4,58,33,ok
D:\deep_learning_datasets\deep_learning\data\keypoints\i_0063.npy,i,13,i_0003.mp4,77,63,ok
D:\deep_learning_datasets\deep_learning\data\keypoints\i_0064.npy,i,13,i_0004.mp4,77,77,ok
D:\deep_learning_datasets\deep_learning\data\keypoints\i_0065.npy,i,13,i_0005.mp4,76,46,ok
D:\deep_learning_datasets\deep_learning\data\keypoints\i_0066.npy,i,13,i_0006.mp4,76,72,ok
D:\deep_learning_datasets\deep_learning\data\keypoints\i_0067.npy,i,13,i_0007.mp4,75,59,ok
D:\deep_learning_datasets\deep_learning\data\keypoints\i_0068.npy,i,13,i_0008.mp4,76,76,ok
D:\deep_learning_datasets\deep_learning\data\keypoints\i_0069.npy,i,13,i_0009.mp4,76,58,ok
D:\deep_learning_datasets\deep_learning\data\keypoints\i_0070.npy,i,13,i_0010.mp4,76,59,ok
D:\deep_learning_datasets\deep_learning\data\keypoints\i_0071.npy,i,13,i_0011.mp4,76,61,ok
D:\deep_learning_datasets\deep_learning\data\keypoints\i_0072.npy,i,13,i_0012.mp4,77,71,ok
D:\deep_learning_datasets\deep_learning\data\keypoints\i_0073.npy,i,13,i_0013.mp4,76,71,ok
D:\deep_learning_datasets\deep_learning\data\keypoints\i_0074.npy,i,13,i_0014.mp4,76,54,ok
D:\deep_learning_datasets\deep_learning\data\keypoints\i_0075.npy,i,13,i_0015.mp4,76,58,ok
D:\deep_learning_datasets\deep_learning\data\keypoints\i_0076.npy,i,13,i_0016.mp4,77,32,ok
D:\deep_learning_datasets\deep_learning\data\keypoints\i_0077.npy,i,13,i_0017.mp4,75,53,ok
D:\deep_learning_datasets\deep_learning\data\keypoints\i_0078.npy,i,13,i_0018.mp4,76,55,ok
D:\deep_learning_datasets\deep_learning\data\keypoints\i_0079.npy,i,13,i_0019.mp4,77,68,ok
D:\deep_learning_datasets\deep_learning\data\keypoints\i_0080.npy,i,13,i_0020.mp4,77,55,ok
D:\deep_learning_datasets\deep_learning\data\keypoints\k_0000.npy,k,14,D0502.mp4,65,36,ok
D:\deep_learning_datasets\deep_learning\data\keypoints\k_0001.npy,k,14,k_0000000.mp4,61,32,ok
D:\deep_learning_datasets\deep_learning\data\keypoints\k_0002.npy,k,14,k_0000001.mp4,70,37,ok
D:\deep_learning_datasets\deep_learning\data\keypoints\k_0003.npy,k,14,k_0000002.mp4,73,40,ok
D:\deep_learning_datasets\deep_learning\data\keypoints\k_0004.npy,k,14,k_0000003.mp4,63,38,ok
D:\deep_learning_datasets\deep_learning\data\keypoints\k_0005.npy,k,14,k_0000004.mp4,65,41,ok
D:\deep_learning_datasets\deep_learning\data\keypoints\k_0006.npy,k,14,k_0000005.mp4,74,47,ok
D:\deep_learning_datasets\deep_learning\data\keypoints\k_0007.npy,k,14,k_0000006.mp4,66,36,ok
D:\deep_learning_datasets\deep_learning\data\keypoints\k_0008.npy,k,14,k_0000007.mp4,75,47,ok
D:\deep_learning_datasets\deep_learning\data\keypoints\k_0009.npy,k,14,k_0000008.mp4,73,44,ok
D:\deep_learning_datasets\deep_learning\data\keypoints\k_0010.npy,k,14,k_0000009.mp4,73,42,ok
D:\deep_learning_datasets\deep_learning\data\keypoints\k_0011.npy,k,14,k_000001.mp4,61,47,ok
D:\deep_learning_datasets\deep_learning\data\keypoints\k_0012.npy,k,14,k_0000010.mp4,75,47,ok
D:\deep_learning_datasets\deep_learning\data\keypoints\k_0013.npy,k,14,k_0000011.mp4,69,39,ok
D:\deep_learning_datasets\deep_learning\data\keypoints\k_0014.npy,k,14,k_0000012.mp4,72,43,ok
D:\deep_learning_datasets\deep_learning\data\keypoints\k_0015.npy,k,14,k_0000013.mp4,82,42,ok
D:\deep_learning_datasets\deep_learning\data\keypoints\k_0016.npy,k,14,k_0000014.mp4,69,42,ok
D:\deep_learning_datasets\deep_learning\data\keypoints\k_0017.npy,k,14,k_0000015.mp4,62,36,ok
D:\deep_learning_datasets\deep_learning\data\keypoints\k_0018.npy,k,14,k_0000016.mp4,83,51,ok
D:\deep_learning_datasets\deep_learning\data\keypoints\k_0019.npy,k,14,k_0000017.mp4,85,55,ok
D:\deep_learning_datasets\deep_learning\data\keypoints\k_0020.npy,k,14,k_0000018.mp4,75,41,ok
D:\deep_learning_datasets\deep_learning\data\keypoints\k_0021.npy,k,14,k_0000019.mp4,67,32,ok
D:\deep_learning_datasets\deep_learning\data\keypoints\k_0022.npy,k,14,k_000002.mp4,39,19,ok
D:\deep_learning_datasets\deep_learning\data\keypoints\k_0023.npy,k,14,k_000003.mp4,44,25,ok
D:\deep_learning_datasets\deep_learning\data\keypoints\k_0024.npy,k,14,k_000004.mp4,36,16,ok
D:\deep_learning_datasets\deep_learning\data\keypoints\k_0025.npy,k,14,k_000005.mp4,43,23,ok
D:\deep_learning_datasets\deep_learning\data\keypoints\k_0026.npy,k,14,k_000006.mp4,42,19,ok
D:\deep_learning_datasets\deep_learning\data\keypoints\k_0027.npy,k,14,k_000007.mp4,38,18,ok
D:\deep_learning_datasets\deep_learning\data\keypoints\k_0028.npy,k,14,k_000008.mp4,33,15,ok
D:\deep_learning_datasets\deep_learning\data\keypoints\k_0029.npy,k,14,k_000009.mp4,36,16,ok
D:\deep_learning_datasets\deep_learning\data\keypoints\k_0030.npy,k,14,k_00001.mp4,71,34,ok
D:\deep_learning_datasets\deep_learning\data\keypoints\k_0031.npy,k,14,k_000010.mp4,33,13,ok
D:\deep_learning_datasets\deep_learning\data\keypoints\k_0032.npy,k,14,k_000011.mp4,58,35,ok
D:\deep_learning_datasets\deep_learning\data\keypoints\k_0033.npy,k,14,k_000012.mp4,34,18,ok
D:\deep_learning_datasets\deep_learning\data\keypoints\k_0034.npy,k,14,k_000013.mp4,34,16,ok
D:\deep_learning_datasets\deep_learning\data\keypoints\k_0035.npy,k,14,k_000014.mp4,33,15,ok
D:\deep_learning_datasets\deep_learning\data\keypoints\k_0036.npy,k,14,k_000015.mp4,37,17,ok
D:\deep_learning_datasets\deep_learning\data\keypoints\k_0037.npy,k,14,k_000016.mp4,36,19,ok
D:\deep_learning_datasets\deep_learning\data\keypoints\k_0038.npy,k,14,k_000017.mp4,36,18,ok
D:\deep_learning_datasets\deep_learning\data\keypoints\k_0039.npy,k,14,k_000018.mp4,34,17,ok
D:\deep_learning_datasets\deep_learning\data\keypoints\k_0040.npy,k,14,k_000019.mp4,42,24,ok
D:\deep_learning_datasets\deep_learning\data\keypoints\k_0041.npy,k,14,k_00002.mp4,78,38,ok
D:\deep_learning_datasets\deep_learning\data\keypoints\k_0042.npy,k,14,k_000020.mp4,37,16,ok
D:\deep_learning_datasets\deep_learning\data\keypoints\k_0043.npy,k,14,k_00003.mp4,74,34,ok
D:\deep_learning_datasets\deep_learning\data\keypoints\k_0044.npy,k,14,k_00004.mp4,64,36,ok
D:\deep_learning_datasets\deep_learning\data\keypoints\k_0045.npy,k,14,k_00005.mp4,65,32,ok
D:\deep_learning_datasets\deep_learning\data\keypoints\k_0046.npy,k,14,k_00006.mp4,70,31,ok
D:\deep_learning_datasets\deep_learning\data\keypoints\k_0047.npy,k,14,k_00007.mp4,72,34,ok
D:\deep_learning_datasets\deep_learning\data\keypoints\k_0048.npy,k,14,k_00008.mp4,75,35,ok
D:\deep_learning_datasets\deep_learning\data\keypoints\k_0049.npy,k,14,k_00009.mp4,72,37,ok
D:\deep_learning_datasets\deep_learning\data\keypoints\k_0050.npy,k,14,k_0001.mp4,76,51,ok
D:\deep_learning_datasets\deep_learning\data\keypoints\k_0051.npy,k,14,k_00010.mp4,79,39,ok
D:\deep_learning_datasets\deep_learning\data\keypoints\k_0052.npy,k,14,k_00011.mp4,74,36,ok
D:\deep_learning_datasets\deep_learning\data\keypoints\k_0053.npy,k,14,k_00012.mp4,72,36,ok
D:\deep_learning_datasets\deep_learning\data\keypoints\k_0054.npy,k,14,k_00013.mp4,68,32,ok
D:\deep_learning_datasets\deep_learning\data\keypoints\k_0055.npy,k,14,k_00014.mp4,67,30,ok
D:\deep_learning_datasets\deep_learning\data\keypoints\k_0056.npy,k,14,k_00015.mp4,63,30,ok
D:\deep_learning_datasets\deep_learning\data\keypoints\k_0057.npy,k,14,k_00016.mp4,68,38,ok
D:\deep_learning_datasets\deep_learning\data\keypoints\k_0058.npy,k,14,k_00017.mp4,82,34,ok
D:\deep_learning_datasets\deep_learning\data\keypoints\k_0059.npy,k,14,k_00018.mp4,65,32,ok
D:\deep_learning_datasets\deep_learning\data\keypoints\k_0060.npy,k,14,k_00019.mp4,70,38,ok
D:\deep_learning_datasets\deep_learning\data\keypoints\k_0061.npy,k,14,k_0002.mp4,76,51,ok
D:\deep_learning_datasets\deep_learning\data\keypoints\k_0062.npy,k,14,k_00020.mp4,68,38,ok
D:\deep_learning_datasets\deep_learning\data\keypoints\k_0063.npy,k,14,k_0003.mp4,76,67,ok
D:\deep_learning_datasets\deep_learning\data\keypoints\k_0064.npy,k,14,k_0004.mp4,76,51,ok
D:\deep_learning_datasets\deep_learning\data\keypoints\k_0065.npy,k,14,k_0005.mp4,77,77,ok
D:\deep_learning_datasets\deep_learning\data\keypoints\k_0066.npy,k,14,k_0006.mp4,77,77,ok
D:\deep_learning_datasets\deep_learning\data\keypoints\k_0067.npy,k,14,k_0007.mp4,76,76,ok
D:\deep_learning_datasets\deep_learning\data\keypoints\k_0068.npy,k,14,k_0008.mp4,75,75,ok
D:\deep_learning_datasets\deep_learning\data\keypoints\k_0069.npy,k,14,k_0009.mp4,76,76,ok
D:\deep_learning_datasets\deep_learning\data\keypoints\k_0070.npy,k,14,k_0010.mp4,76,61,ok
D:\deep_learning_datasets\deep_learning\data\keypoints\k_0071.npy,k,14,k_0011.mp4,77,77,ok
D:\deep_learning_datasets\deep_learning\data\keypoints\k_0072.npy,k,14,k_0012.mp4,77,77,ok
D:\deep_learning_datasets\deep_learning\data\keypoints\k_0073.npy,k,14,k_0013.mp4,77,77,ok
D:\deep_learning_datasets\deep_learning\data\keypoints\k_0074.npy,k,14,k_0014.mp4,76,76,ok
D:\deep_learning_datasets\deep_learning\data\keypoints\k_0075.npy,k,14,k_0015.mp4,76,42,ok
D:\deep_learning_datasets\deep_learning\data\keypoints\k_0076.npy,k,14,k_0016.mp4,76,69,ok
D:\deep_learning_datasets\deep_learning\data\keypoints\k_0077.npy,k,14,k_0017.mp4,76,75,ok
D:\deep_learning_datasets\deep_learning\data\keypoints\k_0078.npy,k,14,k_0018.mp4,76,60,ok
D:\deep_learning_datasets\deep_learning\data\keypoints\k_0079.npy,k,14,k_0019.mp4,76,69,ok
D:\deep_learning_datasets\deep_learning\data\keypoints\k_0080.npy,k,14,k_0020.mp4,77,58,ok
D:\deep_learning_datasets\deep_learning\data\keypoints\l_0000.npy,l,15,D0503.mp4,67,36,ok
D:\deep_learning_datasets\deep_learning\data\keypoints\l_0001.npy,l,15,l_0000000.mp4,61,38,ok
D:\deep_learning_datasets\deep_learning\data\keypoints\l_0002.npy,l,15,l_0000001.mp4,65,45,ok
D:\deep_learning_datasets\deep_learning\data\keypoints\l_0003.npy,l,15,l_0000002.mp4,77,53,ok
D:\deep_learning_datasets\deep_learning\data\keypoints\l_0004.npy,l,15,l_0000003.mp4,59,40,ok
D:\deep_learning_datasets\deep_learning\data\keypoints\l_0005.npy,l,15,l_0000004.mp4,65,41,ok
D:\deep_learning_datasets\deep_learning\data\keypoints\l_0006.npy,l,15,l_0000005.mp4,69,40,ok
D:\deep_learning_datasets\deep_learning\data\keypoints\l_0007.npy,l,15,l_0000006.mp4,72,36,ok
D:\deep_learning_datasets\deep_learning\data\keypoints\l_0008.npy,l,15,l_0000007.mp4,67,41,ok
D:\deep_learning_datasets\deep_learning\data\keypoints\l_0009.npy,l,15,l_0000008.mp4,74,45,ok
D:\deep_learning_datasets\deep_learning\data\keypoints\l_0010.npy,l,15,l_0000009.mp4,77,51,ok
D:\deep_learning_datasets\deep_learning\data\keypoints\l_0011.npy,l,15,l_000001.mp4,33,18,ok
D:\deep_learning_datasets\deep_learning\data\keypoints\l_0012.npy,l,15,l_0000010.mp4,89,47,ok
D:\deep_learning_datasets\deep_learning\data\keypoints\l_0013.npy,l,15,l_0000011.mp4,77,47,ok
D:\deep_learning_datasets\deep_learning\data\keypoints\l_0014.npy,l,15,l_0000012.mp4,84,42,ok
D:\deep_learning_datasets\deep_learning\data\keypoints\l_0015.npy,l,15,l_0000013.mp4,82,50,ok
D:\deep_learning_datasets\deep_learning\data\keypoints\l_0016.npy,l,15,l_0000014.mp4,79,54,ok
D:\deep_learning_datasets\deep_learning\data\keypoints\l_0017.npy,l,15,l_0000015.mp4,71,40,ok
D:\deep_learning_datasets\deep_learning\data\keypoints\l_0018.npy,l,15,l_0000016.mp4,75,46,ok
D:\deep_learning_datasets\deep_learning\data\keypoints\l_0019.npy,l,15,l_0000017.mp4,86,48,ok
D:\deep_learning_datasets\deep_learning\data\keypoints\l_0020.npy,l,15,l_0000018.mp4,82,51,ok
D:\deep_learning_datasets\deep_learning\data\keypoints\l_0021.npy,l,15,l_0000019.mp4,63,39,ok
D:\deep_learning_datasets\deep_learning\data\keypoints\l_0022.npy,l,15,l_000002.mp4,33,19,ok
D:\deep_learning_datasets\deep_learning\data\keypoints\l_0023.npy,l,15,l_000003.mp4,30,13,ok
D:\deep_learning_datasets\deep_learning\data\keypoints\l_0024.npy,l,15,l_000004.mp4,38,18,ok
D:\deep_learning_datasets\deep_learning\data\keypoints\l_0025.npy,l,15,l_000005.mp4,46,23,ok
D:\deep_learning_datasets\deep_learning\data\keypoints\l_0026.npy,l,15,l_000006.mp4,32,14,ok
D:\deep_learning_datasets\deep_learning\data\keypoints\l_0027.npy,l,15,l_000007.mp4,26,8,ok
D:\deep_learning_datasets\deep_learning\data\keypoints\l_0028.npy,l,15,l_000008.mp4,34,15,ok
D:\deep_learning_datasets\deep_learning\data\keypoints\l_0029.npy,l,15,l_000009.mp4,39,23,ok
D:\deep_learning_datasets\deep_learning\data\keypoints\l_0030.npy,l,15,l_00001.mp4,69,28,ok
D:\deep_learning_datasets\deep_learning\data\keypoints\l_0031.npy,l,15,l_000010.mp4,41,24,ok
D:\deep_learning_datasets\deep_learning\data\keypoints\l_0032.npy,l,15,l_000011.mp4,38,20,ok
D:\deep_learning_datasets\deep_learning\data\keypoints\l_0033.npy,l,15,l_000012.mp4,40,25,ok
D:\deep_learning_datasets\deep_learning\data\keypoints\l_0034.npy,l,15,l_000013.mp4,39,21,ok
D:\deep_learning_datasets\deep_learning\data\keypoints\l_0035.npy,l,15,l_000014.mp4,38,24,ok
D:\deep_learning_datasets\deep_learning\data\keypoints\l_0036.npy,l,15,l_000015.mp4,38,20,ok
D:\deep_learning_datasets\deep_learning\data\keypoints\l_0037.npy,l,15,l_000016.mp4,33,29,ok
D:\deep_learning_datasets\deep_learning\data\keypoints\l_0038.npy,l,15,l_000017.mp4,38,22,ok
D:\deep_learning_datasets\deep_learning\data\keypoints\l_0039.npy,l,15,l_000018.mp4,40,25,ok
D:\deep_learning_datasets\deep_learning\data\keypoints\l_0040.npy,l,15,l_000019.mp4,38,21,ok
D:\deep_learning_datasets\deep_learning\data\keypoints\l_0041.npy,l,15,l_00002.mp4,70,30,ok
D:\deep_learning_datasets\deep_learning\data\keypoints\l_0042.npy,l,15,l_000020.mp4,42,21,ok
D:\deep_learning_datasets\deep_learning\data\keypoints\l_0043.npy,l,15,l_00003.mp4,79,29,ok
D:\deep_learning_datasets\deep_learning\data\keypoints\l_0044.npy,l,15,l_00004.mp4,77,36,ok
D:\deep_learning_datasets\deep_learning\data\keypoints\l_0045.npy,l,15,l_00005.mp4,84,32,ok
D:\deep_learning_datasets\deep_learning\data\keypoints\l_0046.npy,l,15,l_00006.mp4,84,38,ok
D:\deep_learning_datasets\deep_learning\data\keypoints\l_0047.npy,l,15,l_00007.mp4,74,36,ok
D:\deep_learning_datasets\deep_learning\data\keypoints\l_0048.npy,l,15,l_00008.mp4,80,36,ok
D:\deep_learning_datasets\deep_learning\data\keypoints\l_0049.npy,l,15,l_00009.mp4,74,35,ok
D:\deep_learning_datasets\deep_learning\data\keypoints\l_0050.npy,l,15,l_0001.mp4,76,42,ok
D:\deep_learning_datasets\deep_learning\data\keypoints\l_0051.npy,l,15,l_00010.mp4,80,28,ok
D:\deep_learning_datasets\deep_learning\data\keypoints\l_0052.npy,l,15,l_00011.mp4,63,36,ok
D:\deep_learning_datasets\deep_learning\data\keypoints\l_0053.npy,l,15,l_00012.mp4,75,34,ok
D:\deep_learning_datasets\deep_learning\data\keypoints\l_0054.npy,l,15,l_00013.mp4,66,36,ok
D:\deep_learning_datasets\deep_learning\data\keypoints\l_0055.npy,l,15,l_00014.mp4,74,36,ok
D:\deep_learning_datasets\deep_learning\data\keypoints\l_0056.npy,l,15,l_00015.mp4,67,32,ok
D:\deep_learning_datasets\deep_learning\data\keypoints\l_0057.npy,l,15,l_00016.mp4,62,35,ok
D:\deep_learning_datasets\deep_learning\data\keypoints\l_0058.npy,l,15,l_00017.mp4,66,29,ok
D:\deep_learning_datasets\deep_learning\data\keypoints\l_0059.npy,l,15,l_00018.mp4,78,34,ok
D:\deep_learning_datasets\deep_learning\data\keypoints\l_0060.npy,l,15,l_00019.mp4,65,30,ok
D:\deep_learning_datasets\deep_learning\data\keypoints\l_0061.npy,l,15,l_0002.mp4,76,42,ok
D:\deep_learning_datasets\deep_learning\data\keypoints\l_0062.npy,l,15,l_00020.mp4,74,32,ok
D:\deep_learning_datasets\deep_learning\data\keypoints\l_0063.npy,l,15,l_0003.mp4,76,39,ok
D:\deep_learning_datasets\deep_learning\data\keypoints\l_0064.npy,l,15,l_0004.mp4,76,39,ok
D:\deep_learning_datasets\deep_learning\data\keypoints\l_0065.npy,l,15,l_0005.mp4,75,47,ok
D:\deep_learning_datasets\deep_learning\data\keypoints\l_0066.npy,l,15,l_0006.mp4,76,55,ok
D:\deep_learning_datasets\deep_learning\data\keypoints\l_0067.npy,l,15,l_0007.mp4,78,60,ok
D:\deep_learning_datasets\deep_learning\data\keypoints\l_0068.npy,l,15,l_0008.mp4,76,61,ok
D:\deep_learning_datasets\deep_learning\data\keypoints\l_0069.npy,l,15,l_0009.mp4,76,61,ok
D:\deep_learning_datasets\deep_learning\data\keypoints\l_0070.npy,l,15,l_0010.mp4,77,68,ok
D:\deep_learning_datasets\deep_learning\data\keypoints\l_0071.npy,l,15,l_0011.mp4,76,51,ok
D:\deep_learning_datasets\deep_learning\data\keypoints\l_0072.npy,l,15,l_0012.mp4,76,61,ok
D:\deep_learning_datasets\deep_learning\data\keypoints\l_0073.npy,l,15,l_0013.mp4,77,71,ok
D:\deep_learning_datasets\deep_learning\data\keypoints\l_0074.npy,l,15,l_0014.mp4,76,68,ok
D:\deep_learning_datasets\deep_learning\data\keypoints\l_0075.npy,l,15,l_0015.mp4,77,66,ok
D:\deep_learning_datasets\deep_learning\data\keypoints\l_0076.npy,l,15,l_0016.mp4,76,65,ok
D:\deep_learning_datasets\deep_learning\data\keypoints\l_0077.npy,l,15,l_0017.mp4,76,64,ok
D:\deep_learning_datasets\deep_learning\data\keypoints\l_0078.npy,l,15,l_0018.mp4,77,71,ok
D:\deep_learning_datasets\deep_learning\data\keypoints\l_0079.npy,l,15,l_0019.mp4,77,77,ok
D:\deep_learning_datasets\deep_learning\data\keypoints\l_0080.npy,l,15,l_0020.mp4,77,67,ok
D:\deep_learning_datasets\deep_learning\data\keypoints\m_0000.npy,m,16,D0504.mp4,95,36,ok
D:\deep_learning_datasets\deep_learning\data\keypoints\m_0001.npy,m,16,m_0000000.mp4,67,34,ok
D:\deep_learning_datasets\deep_learning\data\keypoints\m_0002.npy,m,16,m_0000001.mp4,71,43,ok
D:\deep_learning_datasets\deep_learning\data\keypoints\m_0003.npy,m,16,m_0000002.mp4,85,48,ok
D:\deep_learning_datasets\deep_learning\data\keypoints\m_0004.npy,m,16,m_0000003.mp4,77,45,ok
D:\deep_learning_datasets\deep_learning\data\keypoints\m_0005.npy,m,16,m_0000004.mp4,79,35,ok
D:\deep_learning_datasets\deep_learning\data\keypoints\m_0006.npy,m,16,m_0000005.mp4,80,41,ok
D:\deep_learning_datasets\deep_learning\data\keypoints\m_0007.npy,m,16,m_0000006.mp4,83,47,ok
D:\deep_learning_datasets\deep_learning\data\keypoints\m_0008.npy,m,16,m_0000007.mp4,74,38,ok
D:\deep_learning_datasets\deep_learning\data\keypoints\m_0009.npy,m,16,m_0000008.mp4,77,42,ok
D:\deep_learning_datasets\deep_learning\data\keypoints\m_0010.npy,m,16,m_0000009.mp4,79,45,ok
D:\deep_learning_datasets\deep_learning\data\keypoints\m_0011.npy,m,16,m_000001.mp4,69,30,ok
D:\deep_learning_datasets\deep_learning\data\keypoints\m_0012.npy,m,16,m_0000010.mp4,71,39,ok
D:\deep_learning_datasets\deep_learning\data\keypoints\m_0013.npy,m,16,m_0000011.mp4,75,42,ok
D:\deep_learning_datasets\deep_learning\data\keypoints\m_0014.npy,m,16,m_0000012.mp4,83,51,ok
D:\deep_learning_datasets\deep_learning\data\keypoints\m_0015.npy,m,16,m_0000013.mp4,84,56,ok
D:\deep_learning_datasets\deep_learning\data\keypoints\m_0016.npy,m,16,m_0000014.mp4,74,38,ok
D:\deep_learning_datasets\deep_learning\data\keypoints\m_0017.npy,m,16,m_0000015.mp4,69,40,ok
D:\deep_learning_datasets\deep_learning\data\keypoints\m_0018.npy,m,16,m_0000016.mp4,78,47,ok
D:\deep_learning_datasets\deep_learning\data\keypoints\m_0019.npy,m,16,m_0000017.mp4,73,37,ok
D:\deep_learning_datasets\deep_learning\data\keypoints\m_0020.npy,m,16,m_0000018.mp4,70,37,ok
D:\deep_learning_datasets\deep_learning\data\keypoints\m_0021.npy,m,16,m_0000019.mp4,86,47,ok
D:\deep_learning_datasets\deep_learning\data\keypoints\m_0022.npy,m,16,m_000002.mp4,49,25,ok
D:\deep_learning_datasets\deep_learning\data\keypoints\m_0023.npy,m,16,m_000003.mp4,33,13,ok
D:\deep_learning_datasets\deep_learning\data\keypoints\m_0024.npy,m,16,m_000004.mp4,41,20,ok
D:\deep_learning_datasets\deep_learning\data\keypoints\m_0025.npy,m,16,m_000005.mp4,47,21,ok
D:\deep_learning_datasets\deep_learning\data\keypoints\m_0026.npy,m,16,m_000006.mp4,51,18,ok
D:\deep_learning_datasets\deep_learning\data\keypoints\m_0027.npy,m,16,m_000007.mp4,47,20,ok
D:\deep_learning_datasets\deep_learning\data\keypoints\m_0028.npy,m,16,m_000008.mp4,45,20,ok
D:\deep_learning_datasets\deep_learning\data\keypoints\m_0029.npy,m,16,m_000009.mp4,41,21,ok
D:\deep_learning_datasets\deep_learning\data\keypoints\m_0030.npy,m,16,m_00001.mp4,86,39,ok
D:\deep_learning_datasets\deep_learning\data\keypoints\m_0031.npy,m,16,m_000010.mp4,45,22,ok
D:\deep_learning_datasets\deep_learning\data\keypoints\m_0032.npy,m,16,m_000011.mp4,43,18,ok
D:\deep_learning_datasets\deep_learning\data\keypoints\m_0033.npy,m,16,m_000012.mp4,41,15,ok
D:\deep_learning_datasets\deep_learning\data\keypoints\m_0034.npy,m,16,m_000013.mp4,44,17,ok
D:\deep_learning_datasets\deep_learning\data\keypoints\m_0035.npy,m,16,m_000014.mp4,47,27,ok
D:\deep_learning_datasets\deep_learning\data\keypoints\m_0036.npy,m,16,m_000015.mp4,46,24,ok
D:\deep_learning_datasets\deep_learning\data\keypoints\m_0037.npy,m,16,m_000016.mp4,40,22,ok
D:\deep_learning_datasets\deep_learning\data\keypoints\m_0038.npy,m,16,m_000017.mp4,41,15,ok
D:\deep_learning_datasets\deep_learning\data\keypoints\m_0039.npy,m,16,m_000018.mp4,72,28,ok
D:\deep_learning_datasets\deep_learning\data\keypoints\m_0040.npy,m,16,m_000019.mp4,41,15,ok
D:\deep_learning_datasets\deep_learning\data\keypoints\m_0041.npy,m,16,m_00002.mp4,82,44,ok
D:\deep_learning_datasets\deep_learning\data\keypoints\m_0042.npy,m,16,m_000020.mp4,48,29,ok
D:\deep_learning_datasets\deep_learning\data\keypoints\m_0043.npy,m,16,m_00003.mp4,64,20,ok
D:\deep_learning_datasets\deep_learning\data\keypoints\m_0044.npy,m,16,m_00004.mp4,57,28,ok
D:\deep_learning_datasets\deep_learning\data\keypoints\m_0045.npy,m,16,m_00005.mp4,81,46,ok
D:\deep_learning_datasets\deep_learning\data\keypoints\m_0046.npy,m,16,m_00006.mp4,78,40,ok
D:\deep_learning_datasets\deep_learning\data\keypoints\m_0047.npy,m,16,m_00007.mp4,102,35,ok
D:\deep_learning_datasets\deep_learning\data\keypoints\m_0048.npy,m,16,m_00008.mp4,36,34,ok
D:\deep_learning_datasets\deep_learning\data\keypoints\m_0049.npy,m,16,m_00009.mp4,79,31,ok
D:\deep_learning_datasets\deep_learning\data\keypoints\m_0050.npy,m,16,m_0001.mp4,76,76,ok
D:\deep_learning_datasets\deep_learning\data\keypoints\m_0051.npy,m,16,m_00010.mp4,43,26,ok
D:\deep_learning_datasets\deep_learning\data\keypoints\m_0052.npy,m,16,m_00011.mp4,78,34,ok
D:\deep_learning_datasets\deep_learning\data\keypoints\m_0053.npy,m,16,m_00012.mp4,78,38,ok
D:\deep_learning_datasets\deep_learning\data\keypoints\m_0054.npy,m,16,m_00013.mp4,90,39,ok
D:\deep_learning_datasets\deep_learning\data\keypoints\m_0055.npy,m,16,m_00014.mp4,81,38,ok
D:\deep_learning_datasets\deep_learning\data\keypoints\m_0056.npy,m,16,m_00015.mp4,77,34,ok
D:\deep_learning_datasets\deep_learning\data\keypoints\m_0057.npy,m,16,m_00016.mp4,92,35,ok
D:\deep_learning_datasets\deep_learning\data\keypoints\m_0058.npy,m,16,m_00017.mp4,98,47,ok
D:\deep_learning_datasets\deep_learning\data\keypoints\m_0059.npy,m,16,m_00018.mp4,86,37,ok
D:\deep_learning_datasets\deep_learning\data\keypoints\m_0060.npy,m,16,m_00019.mp4,93,31,ok
D:\deep_learning_datasets\deep_learning\data\keypoints\m_0061.npy,m,16,m_0002.mp4,76,76,ok
D:\deep_learning_datasets\deep_learning\data\keypoints\m_0062.npy,m,16,m_00020.mp4,86,27,ok
D:\deep_learning_datasets\deep_learning\data\keypoints\m_0063.npy,m,16,m_0003.mp4,76,76,ok
D:\deep_learning_datasets\deep_learning\data\keypoints\m_0064.npy,m,16,m_0004.mp4,77,77,ok
D:\deep_learning_datasets\deep_learning\data\keypoints\m_0065.npy,m,16,m_0005.mp4,76,76,ok
D:\deep_learning_datasets\deep_learning\data\keypoints\m_0066.npy,m,16,m_0006.mp4,75,75,ok
D:\deep_learning_datasets\deep_learning\data\keypoints\m_0067.npy,m,16,m_0007.mp4,77,77,ok
D:\deep_learning_datasets\deep_learning\data\keypoints\m_0068.npy,m,16,m_0008.mp4,76,76,ok
D:\deep_learning_datasets\deep_learning\data\keypoints\m_0069.npy,m,16,m_0009.mp4,74,74,ok
D:\deep_learning_datasets\deep_learning\data\keypoints\m_0070.npy,m,16,m_0010.mp4,76,76,ok
D:\deep_learning_datasets\deep_learning\data\keypoints\m_0071.npy,m,16,m_0011.mp4,76,76,ok
D:\deep_learning_datasets\deep_learning\data\keypoints\m_0072.npy,m,16,m_0012.mp4,77,77,ok
D:\deep_learning_datasets\deep_learning\data\keypoints\m_0073.npy,m,16,m_0013.mp4,77,77,ok
D:\deep_learning_datasets\deep_learning\data\keypoints\m_0074.npy,m,16,m_0014.mp4,77,77,ok
D:\deep_learning_datasets\deep_learning\data\keypoints\m_0075.npy,m,16,m_0015.mp4,76,76,ok
D:\deep_learning_datasets\deep_learning\data\keypoints\m_0076.npy,m,16,m_0016.mp4,76,76,ok
D:\deep_learning_datasets\deep_learning\data\keypoints\m_0077.npy,m,16,m_0017.mp4,77,77,ok
D:\deep_learning_datasets\deep_learning\data\keypoints\m_0078.npy,m,16,m_0018.mp4,77,77,ok
D:\deep_learning_datasets\deep_learning\data\keypoints\m_0079.npy,m,16,m_0019.mp4,76,76,ok
D:\deep_learning_datasets\deep_learning\data\keypoints\m_0080.npy,m,16,m_0020.mp4,75,50,ok
D:\deep_learning_datasets\deep_learning\data\keypoints\n_0000.npy,n,17,D0505.mp4,76,45,ok
D:\deep_learning_datasets\deep_learning\data\keypoints\n_0001.npy,n,17,n_0000000.mp4,62,35,ok
D:\deep_learning_datasets\deep_learning\data\keypoints\n_0002.npy,n,17,n_0000001.mp4,67,32,ok
D:\deep_learning_datasets\deep_learning\data\keypoints\n_0003.npy,n,17,n_0000002.mp4,88,54,ok
D:\deep_learning_datasets\deep_learning\data\keypoints\n_0004.npy,n,17,n_0000003.mp4,81,47,ok
D:\deep_learning_datasets\deep_learning\data\keypoints\n_0005.npy,n,17,n_0000004.mp4,83,44,ok
D:\deep_learning_datasets\deep_learning\data\keypoints\n_0006.npy,n,17,n_0000005.mp4,79,49,ok
D:\deep_learning_datasets\deep_learning\data\keypoints\n_0007.npy,n,17,n_0000006.mp4,77,44,ok
D:\deep_learning_datasets\deep_learning\data\keypoints\n_0008.npy,n,17,n_0000007.mp4,79,42,ok
D:\deep_learning_datasets\deep_learning\data\keypoints\n_0009.npy,n,17,n_0000008.mp4,71,38,ok
D:\deep_learning_datasets\deep_learning\data\keypoints\n_0010.npy,n,17,n_0000009.mp4,75,49,ok
D:\deep_learning_datasets\deep_learning\data\keypoints\n_0011.npy,n,17,n_000001.mp4,39,16,ok
D:\deep_learning_datasets\deep_learning\data\keypoints\n_0012.npy,n,17,n_0000010.mp4,80,51,ok
D:\deep_learning_datasets\deep_learning\data\keypoints\n_0013.npy,n,17,n_0000011.mp4,82,45,ok
D:\deep_learning_datasets\deep_learning\data\keypoints\n_0014.npy,n,17,n_0000012.mp4,81,49,ok
D:\deep_learning_datasets\deep_learning\data\keypoints\n_0015.npy,n,17,n_0000013.mp4,75,45,ok
D:\deep_learning_datasets\deep_learning\data\keypoints\n_0016.npy,n,17,n_0000014.mp4,73,41,ok
D:\deep_learning_datasets\deep_learning\data\keypoints\n_0017.npy,n,17,n_0000015.mp4,84,49,ok
D:\deep_learning_datasets\deep_learning\data\keypoints\n_0018.npy,n,17,n_0000016.mp4,81,44,ok
D:\deep_learning_datasets\deep_learning\data\keypoints\n_0019.npy,n,17,n_0000017.mp4,77,44,ok
D:\deep_learning_datasets\deep_learning\data\keypoints\n_0020.npy,n,17,n_0000018.mp4,61,33,ok
D:\deep_learning_datasets\deep_learning\data\keypoints\n_0021.npy,n,17,n_0000019.mp4,74,39,ok
D:\deep_learning_datasets\deep_learning\data\keypoints\n_0022.npy,n,17,n_000002.mp4,46,29,ok
D:\deep_learning_datasets\deep_learning\data\keypoints\n_0023.npy,n,17,n_000003.mp4,39,13,ok
D:\deep_learning_datasets\deep_learning\data\keypoints\n_0024.npy,n,17,n_000004.mp4,27,13,ok
D:\deep_learning_datasets\deep_learning\data\keypoints\n_0025.npy,n,17,n_000005.mp4,37,0,no_hand_detected
D:\deep_learning_datasets\deep_learning\data\keypoints\n_0026.npy,n,17,n_000006.mp4,40,8,ok
D:\deep_learning_datasets\deep_learning\data\keypoints\n_0027.npy,n,17,n_000007.mp4,42,13,ok
D:\deep_learning_datasets\deep_learning\data\keypoints\n_0028.npy,n,17,n_000008.mp4,37,10,ok
D:\deep_learning_datasets\deep_learning\data\keypoints\n_0029.npy,n,17,n_000009.mp4,36,12,ok
D:\deep_learning_datasets\deep_learning\data\keypoints\n_0030.npy,n,17,n_00001.mp4,71,29,ok
D:\deep_learning_datasets\deep_learning\data\keypoints\n_0031.npy,n,17,n_000010.mp4,42,13,ok
D:\deep_learning_datasets\deep_learning\data\keypoints\n_0032.npy,n,17,n_000011.mp4,36,18,ok
D:\deep_learning_datasets\deep_learning\data\keypoints\n_0033.npy,n,17,n_000012.mp4,36,16,ok
D:\deep_learning_datasets\deep_learning\data\keypoints\n_0034.npy,n,17,n_000013.mp4,36,15,ok
D:\deep_learning_datasets\deep_learning\data\keypoints\n_0035.npy,n,17,n_000014.mp4,33,13,ok
D:\deep_learning_datasets\deep_learning\data\keypoints\n_0036.npy,n,17,n_000015.mp4,44,6,ok
D:\deep_learning_datasets\deep_learning\data\keypoints\n_0037.npy,n,17,n_000016.mp4,36,8,ok
D:\deep_learning_datasets\deep_learning\data\keypoints\n_0038.npy,n,17,n_000017.mp4,45,21,ok
D:\deep_learning_datasets\deep_learning\data\keypoints\n_0039.npy,n,17,n_000018.mp4,40,17,ok
D:\deep_learning_datasets\deep_learning\data\keypoints\n_0040.npy,n,17,n_000019.mp4,42,17,ok
D:\deep_learning_datasets\deep_learning\data\keypoints\n_0041.npy,n,17,n_00002.mp4,79,33,ok
D:\deep_learning_datasets\deep_learning\data\keypoints\n_0042.npy,n,17,n_000020.mp4,60,36,ok
D:\deep_learning_datasets\deep_learning\data\keypoints\n_0043.npy,n,17,n_00003.mp4,69,25,ok
D:\deep_learning_datasets\deep_learning\data\keypoints\n_0044.npy,n,17,n_00004.mp4,64,15,ok
D:\deep_learning_datasets\deep_learning\data\keypoints\n_0045.npy,n,17,n_00005.mp4,90,29,ok
D:\deep_learning_datasets\deep_learning\data\keypoints\n_0046.npy,n,17,n_00006.mp4,71,24,ok
D:\deep_learning_datasets\deep_learning\data\keypoints\n_0047.npy,n,17,n_00007.mp4,68,14,ok
D:\deep_learning_datasets\deep_learning\data\keypoints\n_0048.npy,n,17,n_00008.mp4,81,34,ok
D:\deep_learning_datasets\deep_learning\data\keypoints\n_0049.npy,n,17,n_00009.mp4,68,26,ok
D:\deep_learning_datasets\deep_learning\data\keypoints\n_0050.npy,n,17,n_0001.mp4,76,76,ok
D:\deep_learning_datasets\deep_learning\data\keypoints\n_0051.npy,n,17,n_00010.mp4,79,27,ok
D:\deep_learning_datasets\deep_learning\data\keypoints\n_0052.npy,n,17,n_00011.mp4,64,22,ok
D:\deep_learning_datasets\deep_learning\data\keypoints\n_0053.npy,n,17,n_00012.mp4,86,31,ok
D:\deep_learning_datasets\deep_learning\data\keypoints\n_0054.npy,n,17,n_00013.mp4,70,23,ok
D:\deep_learning_datasets\deep_learning\data\keypoints\n_0055.npy,n,17,n_00014.mp4,68,25,ok
D:\deep_learning_datasets\deep_learning\data\keypoints\n_0056.npy,n,17,n_00015.mp4,73,27,ok
D:\deep_learning_datasets\deep_learning\data\keypoints\n_0057.npy,n,17,n_00016.mp4,77,20,ok
D:\deep_learning_datasets\deep_learning\data\keypoints\n_0058.npy,n,17,n_00017.mp4,64,21,ok
D:\deep_learning_datasets\deep_learning\data\keypoints\n_0059.npy,n,17,n_00018.mp4,83,21,ok
D:\deep_learning_datasets\deep_learning\data\keypoints\n_0060.npy,n,17,n_00019.mp4,68,20,ok
D:\deep_learning_datasets\deep_learning\data\keypoints\n_0061.npy,n,17,n_0002.mp4,76,76,ok
D:\deep_learning_datasets\deep_learning\data\keypoints\n_0062.npy,n,17,n_00020.mp4,65,25,ok
D:\deep_learning_datasets\deep_learning\data\keypoints\n_0063.npy,n,17,n_0003.mp4,77,66,ok
D:\deep_learning_datasets\deep_learning\data\keypoints\n_0064.npy,n,17,n_0004.mp4,76,64,ok
D:\deep_learning_datasets\deep_learning\data\keypoints\n_0065.npy,n,17,n_0005.mp4,77,77,ok
D:\deep_learning_datasets\deep_learning\data\keypoints\n_0066.npy,n,17,n_0006.mp4,77,62,ok
D:\deep_learning_datasets\deep_learning\data\keypoints\n_0067.npy,n,17,n_0007.mp4,77,76,ok
D:\deep_learning_datasets\deep_learning\data\keypoints\n_0068.npy,n,17,n_0008.mp4,76,53,ok
D:\deep_learning_datasets\deep_learning\data\keypoints\n_0069.npy,n,17,n_0009.mp4,76,76,ok
D:\deep_learning_datasets\deep_learning\data\keypoints\n_0070.npy,n,17,n_0010.mp4,77,65,ok
D:\deep_learning_datasets\deep_learning\data\keypoints\n_0071.npy,n,17,n_0011.mp4,76,69,ok
D:\deep_learning_datasets\deep_learning\data\keypoints\n_0072.npy,n,17,n_0012.mp4,75,74,ok
D:\deep_learning_datasets\deep_learning\data\keypoints\n_0073.npy,n,17,n_0013.mp4,76,64,ok
D:\deep_learning_datasets\deep_learning\data\keypoints\n_0074.npy,n,17,n_0014.mp4,77,52,ok
D:\deep_learning_datasets\deep_learning\data\keypoints\n_0075.npy,n,17,n_0015.mp4,77,74,ok
D:\deep_learning_datasets\deep_learning\data\keypoints\n_0076.npy,n,17,n_0016.mp4,76,48,ok
D:\deep_learning_datasets\deep_learning\data\keypoints\n_0077.npy,n,17,n_0017.mp4,77,73,ok
D:\deep_learning_datasets\deep_learning\data\keypoints\n_0078.npy,n,17,n_0018.mp4,77,74,ok
D:\deep_learning_datasets\deep_learning\data\keypoints\n_0079.npy,n,17,n_0019.mp4,76,74,ok
D:\deep_learning_datasets\deep_learning\data\keypoints\n_0080.npy,n,17,n_0020.mp4,77,77,ok
D:\deep_learning_datasets\deep_learning\data\keypoints\o_0000.npy,o,18,D0506.mp4,73,36,ok
D:\deep_learning_datasets\deep_learning\data\keypoints\o_0001.npy,o,18,o_0000000.mp4,59,37,ok
D:\deep_learning_datasets\deep_learning\data\keypoints\o_0002.npy,o,18,o_0000001.mp4,66,37,ok
D:\deep_learning_datasets\deep_learning\data\keypoints\o_0003.npy,o,18,o_0000002.mp4,65,37,ok
D:\deep_learning_datasets\deep_learning\data\keypoints\o_0004.npy,o,18,o_0000003.mp4,66,34,ok
D:\deep_learning_datasets\deep_learning\data\keypoints\o_0005.npy,o,18,o_0000004.mp4,68,37,ok
D:\deep_learning_datasets\deep_learning\data\keypoints\o_0006.npy,o,18,o_0000005.mp4,61,36,ok
D:\deep_learning_datasets\deep_learning\data\keypoints\o_0007.npy,o,18,o_0000006.mp4,74,44,ok
D:\deep_learning_datasets\deep_learning\data\keypoints\o_0008.npy,o,18,o_0000007.mp4,71,42,ok
D:\deep_learning_datasets\deep_learning\data\keypoints\o_0009.npy,o,18,o_0000008.mp4,76,49,ok
D:\deep_learning_datasets\deep_learning\data\keypoints\o_0010.npy,o,18,o_0000009.mp4,68,38,ok
D:\deep_learning_datasets\deep_learning\data\keypoints\o_0011.npy,o,18,o_000001.mp4,38,19,ok
D:\deep_learning_datasets\deep_learning\data\keypoints\o_0012.npy,o,18,o_0000010.mp4,72,43,ok
D:\deep_learning_datasets\deep_learning\data\keypoints\o_0013.npy,o,18,o_0000011.mp4,66,38,ok
D:\deep_learning_datasets\deep_learning\data\keypoints\o_0014.npy,o,18,o_0000012.mp4,60,33,ok
D:\deep_learning_datasets\deep_learning\data\keypoints\o_0015.npy,o,18,o_0000013.mp4,57,31,ok
D:\deep_learning_datasets\deep_learning\data\keypoints\o_0016.npy,o,18,o_0000014.mp4,74,48,ok
D:\deep_learning_datasets\deep_learning\data\keypoints\o_0017.npy,o,18,o_0000015.mp4,57,30,ok
D:\deep_learning_datasets\deep_learning\data\keypoints\o_0018.npy,o,18,o_0000016.mp4,67,39,ok
D:\deep_learning_datasets\deep_learning\data\keypoints\o_0019.npy,o,18,o_0000017.mp4,67,41,ok
D:\deep_learning_datasets\deep_learning\data\keypoints\o_0020.npy,o,18,o_0000018.mp4,75,44,ok
D:\deep_learning_datasets\deep_learning\data\keypoints\o_0021.npy,o,18,o_0000019.mp4,78,45,ok
D:\deep_learning_datasets\deep_learning\data\keypoints\o_0022.npy,o,18,o_000002.mp4,36,16,ok
D:\deep_learning_datasets\deep_learning\data\keypoints\o_0023.npy,o,18,o_000003.mp4,42,22,ok
D:\deep_learning_datasets\deep_learning\data\keypoints\o_0024.npy,o,18,o_000004.mp4,39,19,ok
D:\deep_learning_datasets\deep_learning\data\keypoints\o_0025.npy,o,18,o_000005.mp4,39,20,ok
D:\deep_learning_datasets\deep_learning\data\keypoints\o_0026.npy,o,18,o_000006.mp4,36,21,ok
D:\deep_learning_datasets\deep_learning\data\keypoints\o_0027.npy,o,18,o_000007.mp4,36,19,ok
D:\deep_learning_datasets\deep_learning\data\keypoints\o_0028.npy,o,18,o_000008.mp4,36,17,ok
D:\deep_learning_datasets\deep_learning\data\keypoints\o_0029.npy,o,18,o_000009.mp4,39,19,ok
D:\deep_learning_datasets\deep_learning\data\keypoints\o_0030.npy,o,18,o_00001.mp4,61,36,ok
D:\deep_learning_datasets\deep_learning\data\keypoints\o_0031.npy,o,18,o_000010.mp4,37,21,ok
D:\deep_learning_datasets\deep_learning\data\keypoints\o_0032.npy,o,18,o_000011.mp4,45,25,ok
D:\deep_learning_datasets\deep_learning\data\keypoints\o_0033.npy,o,18,o_000012.mp4,33,17,ok
D:\deep_learning_datasets\deep_learning\data\keypoints\o_0034.npy,o,18,o_000013.mp4,36,20,ok
D:\deep_learning_datasets\deep_learning\data\keypoints\o_0035.npy,o,18,o_000014.mp4,34,16,ok
D:\deep_learning_datasets\deep_learning\data\keypoints\o_0036.npy,o,18,o_000015.mp4,34,17,ok
D:\deep_learning_datasets\deep_learning\data\keypoints\o_0037.npy,o,18,o_000016.mp4,36,17,ok
D:\deep_learning_datasets\deep_learning\data\keypoints\o_0038.npy,o,18,o_000017.mp4,32,16,ok
D:\deep_learning_datasets\deep_learning\data\keypoints\o_0039.npy,o,18,o_000018.mp4,36,15,ok
D:\deep_learning_datasets\deep_learning\data\keypoints\o_0040.npy,o,18,o_000019.mp4,32,16,ok
D:\deep_learning_datasets\deep_learning\data\keypoints\o_0041.npy,o,18,o_00002.mp4,72,42,ok
D:\deep_learning_datasets\deep_learning\data\keypoints\o_0042.npy,o,18,o_000020.mp4,48,27,ok
D:\deep_learning_datasets\deep_learning\data\keypoints\o_0043.npy,o,18,o_00003.mp4,79,41,ok
D:\deep_learning_datasets\deep_learning\data\keypoints\o_0044.npy,o,18,o_00004.mp4,70,42,ok
D:\deep_learning_datasets\deep_learning\data\keypoints\o_0045.npy,o,18,o_00005.mp4,82,39,ok
D:\deep_learning_datasets\deep_learning\data\keypoints\o_0046.npy,o,18,o_00006.mp4,75,38,ok
D:\deep_learning_datasets\deep_learning\data\keypoints\o_0047.npy,o,18,o_00007.mp4,74,41,ok
D:\deep_learning_datasets\deep_learning\data\keypoints\o_0048.npy,o,18,o_00008.mp4,74,40,ok
D:\deep_learning_datasets\deep_learning\data\keypoints\o_0049.npy,o,18,o_00009.mp4,81,40,ok
D:\deep_learning_datasets\deep_learning\data\keypoints\o_0050.npy,o,18,o_0001.mp4,76,67,ok
D:\deep_learning_datasets\deep_learning\data\keypoints\o_0051.npy,o,18,o_00010.mp4,82,44,ok
D:\deep_learning_datasets\deep_learning\data\keypoints\o_0052.npy,o,18,o_00011.mp4,79,42,ok
D:\deep_learning_datasets\deep_learning\data\keypoints\o_0053.npy,o,18,o_00012.mp4,72,38,ok
D:\deep_learning_datasets\deep_learning\data\keypoints\o_0054.npy,o,18,o_00013.mp4,87,41,ok
D:\deep_learning_datasets\deep_learning\data\keypoints\o_0055.npy,o,18,o_00014.mp4,80,38,ok
D:\deep_learning_datasets\deep_learning\data\keypoints\o_0056.npy,o,18,o_00015.mp4,77,37,ok
D:\deep_learning_datasets\deep_learning\data\keypoints\o_0057.npy,o,18,o_00016.mp4,72,35,ok
D:\deep_learning_datasets\deep_learning\data\keypoints\o_0058.npy,o,18,o_00017.mp4,71,37,ok
D:\deep_learning_datasets\deep_learning\data\keypoints\o_0059.npy,o,18,o_00018.mp4,72,37,ok
D:\deep_learning_datasets\deep_learning\data\keypoints\o_0060.npy,o,18,o_00019.mp4,84,40,ok
D:\deep_learning_datasets\deep_learning\data\keypoints\o_0061.npy,o,18,o_0002.mp4,76,67,ok
D:\deep_learning_datasets\deep_learning\data\keypoints\o_0062.npy,o,18,o_00020.mp4,74,40,ok
D:\deep_learning_datasets\deep_learning\data\keypoints\o_0063.npy,o,18,o_0003.mp4,76,70,ok
D:\deep_learning_datasets\deep_learning\data\keypoints\o_0064.npy,o,18,o_0004.mp4,76,73,ok
D:\deep_learning_datasets\deep_learning\data\keypoints\o_0065.npy,o,18,o_0005.mp4,78,78,ok
D:\deep_learning_datasets\deep_learning\data\keypoints\o_0066.npy,o,18,o_0006.mp4,76,69,ok
D:\deep_learning_datasets\deep_learning\data\keypoints\o_0067.npy,o,18,o_0007.mp4,77,58,ok
D:\deep_learning_datasets\deep_learning\data\keypoints\o_0068.npy,o,18,o_0008.mp4,76,48,ok
D:\deep_learning_datasets\deep_learning\data\keypoints\o_0069.npy,o,18,o_0009.mp4,77,57,ok
D:\deep_learning_datasets\deep_learning\data\keypoints\o_0070.npy,o,18,o_0010.mp4,76,58,ok
D:\deep_learning_datasets\deep_learning\data\keypoints\o_0071.npy,o,18,o_0011.mp4,77,71,ok
D:\deep_learning_datasets\deep_learning\data\keypoints\o_0072.npy,o,18,o_0012.mp4,77,51,ok
D:\deep_learning_datasets\deep_learning\data\keypoints\o_0073.npy,o,18,o_0013.mp4,76,63,ok
D:\deep_learning_datasets\deep_learning\data\keypoints\o_0074.npy,o,18,o_0014.mp4,76,76,ok
D:\deep_learning_datasets\deep_learning\data\keypoints\o_0075.npy,o,18,o_0015.mp4,74,74,ok
D:\deep_learning_datasets\deep_learning\data\keypoints\o_0076.npy,o,18,o_0016.mp4,76,76,ok
D:\deep_learning_datasets\deep_learning\data\keypoints\o_0077.npy,o,18,o_0017.mp4,77,75,ok
D:\deep_learning_datasets\deep_learning\data\keypoints\o_0078.npy,o,18,o_0018.mp4,77,77,ok
D:\deep_learning_datasets\deep_learning\data\keypoints\o_0079.npy,o,18,o_0019.mp4,76,62,ok
D:\deep_learning_datasets\deep_learning\data\keypoints\o_0080.npy,o,18,o_0020.mp4,77,77,ok
D:\deep_learning_datasets\deep_learning\data\keypoints\oo_0000.npy,oo,19,D0507N.mp4,68,38,ok
D:\deep_learning_datasets\deep_learning\data\keypoints\oo_0001.npy,oo,19,oo_0000000.mp4,76,52,ok
D:\deep_learning_datasets\deep_learning\data\keypoints\oo_0002.npy,oo,19,oo_0000001.mp4,76,55,ok
D:\deep_learning_datasets\deep_learning\data\keypoints\oo_0003.npy,oo,19,oo_0000002.mp4,77,57,ok
D:\deep_learning_datasets\deep_learning\data\keypoints\oo_0004.npy,oo,19,oo_0000003.mp4,98,79,ok
D:\deep_learning_datasets\deep_learning\data\keypoints\oo_0005.npy,oo,19,oo_0000004.mp4,88,69,ok
D:\deep_learning_datasets\deep_learning\data\keypoints\oo_0006.npy,oo,19,oo_0000005.mp4,87,67,ok
D:\deep_learning_datasets\deep_learning\data\keypoints\oo_0007.npy,oo,19,oo_0000006.mp4,95,73,ok
D:\deep_learning_datasets\deep_learning\data\keypoints\oo_0008.npy,oo,19,oo_0000007.mp4,87,67,ok
D:\deep_learning_datasets\deep_learning\data\keypoints\oo_0009.npy,oo,19,oo_0000008.mp4,91,68,ok
D:\deep_learning_datasets\deep_learning\data\keypoints\oo_0010.npy,oo,19,oo_0000009.mp4,94,72,ok
D:\deep_learning_datasets\deep_learning\data\keypoints\oo_0011.npy,oo,19,oo_000001.mp4,57,41,ok
D:\deep_learning_datasets\deep_learning\data\keypoints\oo_0012.npy,oo,19,oo_0000010.mp4,92,72,ok
D:\deep_learning_datasets\deep_learning\data\keypoints\oo_0013.npy,oo,19,oo_0000011.mp4,96,77,ok
D:\deep_learning_datasets\deep_learning\data\keypoints\oo_0014.npy,oo,19,oo_0000012.mp4,100,79,ok
D:\deep_learning_datasets\deep_learning\data\keypoints\oo_0015.npy,oo,19,oo_0000013.mp4,96,72,ok
D:\deep_learning_datasets\deep_learning\data\keypoints\oo_0016.npy,oo,19,oo_0000014.mp4,94,73,ok
D:\deep_learning_datasets\deep_learning\data\keypoints\oo_0017.npy,oo,19,oo_0000015.mp4,95,75,ok
D:\deep_learning_datasets\deep_learning\data\keypoints\oo_0018.npy,oo,19,oo_0000016.mp4,93,74,ok
D:\deep_learning_datasets\deep_learning\data\keypoints\oo_0019.npy,oo,19,oo_0000017.mp4,98,64,ok
D:\deep_learning_datasets\deep_learning\data\keypoints\oo_0020.npy,oo,19,oo_0000018.mp4,93,71,ok
D:\deep_learning_datasets\deep_learning\data\keypoints\oo_0021.npy,oo,19,oo_0000019.mp4,84,64,ok
D:\deep_learning_datasets\deep_learning\data\keypoints\oo_0022.npy,oo,19,oo_000002.mp4,59,35,ok
D:\deep_learning_datasets\deep_learning\data\keypoints\oo_0023.npy,oo,19,oo_000003.mp4,48,33,ok
D:\deep_learning_datasets\deep_learning\data\keypoints\oo_0024.npy,oo,19,oo_000004.mp4,53,36,ok
D:\deep_learning_datasets\deep_learning\data\keypoints\oo_0025.npy,oo,19,oo_000005.mp4,50,34,ok
D:\deep_learning_datasets\deep_learning\data\keypoints\oo_0026.npy,oo,19,oo_000006.mp4,54,37,ok
D:\deep_learning_datasets\deep_learning\data\keypoints\oo_0027.npy,oo,19,oo_000007.mp4,49,33,ok
D:\deep_learning_datasets\deep_learning\data\keypoints\oo_0028.npy,oo,19,oo_000008.mp4,51,32,ok
D:\deep_learning_datasets\deep_learning\data\keypoints\oo_0029.npy,oo,19,oo_000009.mp4,55,36,ok
D:\deep_learning_datasets\deep_learning\data\keypoints\oo_0030.npy,oo,19,oo_00001.mp4,108,58,ok
D:\deep_learning_datasets\deep_learning\data\keypoints\oo_0031.npy,oo,19,oo_000010.mp4,49,32,ok
D:\deep_learning_datasets\deep_learning\data\keypoints\oo_0032.npy,oo,19,oo_000011.mp4,51,33,ok
D:\deep_learning_datasets\deep_learning\data\keypoints\oo_0033.npy,oo,19,oo_000012.mp4,51,33,ok
D:\deep_learning_datasets\deep_learning\data\keypoints\oo_0034.npy,oo,19,oo_000013.mp4,50,32,ok
D:\deep_learning_datasets\deep_learning\data\keypoints\oo_0035.npy,oo,19,oo_000014.mp4,56,35,ok
D:\deep_learning_datasets\deep_learning\data\keypoints\oo_0036.npy,oo,19,oo_000015.mp4,53,34,ok
D:\deep_learning_datasets\deep_learning\data\keypoints\oo_0037.npy,oo,19,oo_000016.mp4,48,31,ok
D:\deep_learning_datasets\deep_learning\data\keypoints\oo_0038.npy,oo,19,oo_000017.mp4,48,31,ok
D:\deep_learning_datasets\deep_learning\data\keypoints\oo_0039.npy,oo,19,oo_000018.mp4,50,33,ok
D:\deep_learning_datasets\deep_learning\data\keypoints\oo_0040.npy,oo,19,oo_000019.mp4,48,30,ok
D:\deep_learning_datasets\deep_learning\data\keypoints\oo_0041.npy,oo,19,oo_00002.mp4,77,49,ok
D:\deep_learning_datasets\deep_learning\data\keypoints\oo_0042.npy,oo,19,oo_000020.mp4,42,25,ok
D:\deep_learning_datasets\deep_learning\data\keypoints\oo_0043.npy,oo,19,oo_00003.mp4,109,64,ok
D:\deep_learning_datasets\deep_learning\data\keypoints\oo_0044.npy,oo,19,oo_00004.mp4,92,58,ok
D:\deep_learning_datasets\deep_learning\data\keypoints\oo_0045.npy,oo,19,oo_00005.mp4,98,57,ok
D:\deep_learning_datasets\deep_learning\data\keypoints\oo_0046.npy,oo,19,oo_00006.mp4,94,60,ok
D:\deep_learning_datasets\deep_learning\data\keypoints\oo_0047.npy,oo,19,oo_00007.mp4,95,52,ok
D:\deep_learning_datasets\deep_learning\data\keypoints\oo_0048.npy,oo,19,oo_00008.mp4,79,52,ok
D:\deep_learning_datasets\deep_learning\data\keypoints\oo_0049.npy,oo,19,oo_00009.mp4,88,46,ok
D:\deep_learning_datasets\deep_learning\data\keypoints\oo_0050.npy,oo,19,oo_0001.mp4,77,48,ok
D:\deep_learning_datasets\deep_learning\data\keypoints\oo_0051.npy,oo,19,oo_00010.mp4,101,51,ok
D:\deep_learning_datasets\deep_learning\data\keypoints\oo_0052.npy,oo,19,oo_00011.mp4,100,66,ok
D:\deep_learning_datasets\deep_learning\data\keypoints\oo_0053.npy,oo,19,oo_00012.mp4,96,60,ok
D:\deep_learning_datasets\deep_learning\data\keypoints\oo_0054.npy,oo,19,oo_00013.mp4,98,57,ok
D:\deep_learning_datasets\deep_learning\data\keypoints\oo_0055.npy,oo,19,oo_00014.mp4,103,66,ok
D:\deep_learning_datasets\deep_learning\data\keypoints\oo_0056.npy,oo,19,oo_00015.mp4,93,60,ok
D:\deep_learning_datasets\deep_learning\data\keypoints\oo_0057.npy,oo,19,oo_00016.mp4,98,48,ok
D:\deep_learning_datasets\deep_learning\data\keypoints\oo_0058.npy,oo,19,oo_00017.mp4,98,58,ok
D:\deep_learning_datasets\deep_learning\data\keypoints\oo_0059.npy,oo,19,oo_00018.mp4,98,60,ok
D:\deep_learning_datasets\deep_learning\data\keypoints\oo_0060.npy,oo,19,oo_00019.mp4,88,52,ok
D:\deep_learning_datasets\deep_learning\data\keypoints\oo_0061.npy,oo,19,oo_0002.mp4,77,48,ok
D:\deep_learning_datasets\deep_learning\data\keypoints\oo_0062.npy,oo,19,oo_00020.mp4,94,46,ok
D:\deep_learning_datasets\deep_learning\data\keypoints\oo_0063.npy,oo,19,oo_0003.mp4,77,55,ok
D:\deep_learning_datasets\deep_learning\data\keypoints\oo_0064.npy,oo,19,oo_0004.mp4,76,54,ok
D:\deep_learning_datasets\deep_learning\data\keypoints\oo_0065.npy,oo,19,oo_0005.mp4,77,60,ok
D:\deep_learning_datasets\deep_learning\data\keypoints\oo_0066.npy,oo,19,oo_0006.mp4,76,56,ok
D:\deep_learning_datasets\deep_learning\data\keypoints\oo_0067.npy,oo,19,oo_0007.mp4,77,52,ok
D:\deep_learning_datasets\deep_learning\data\keypoints\oo_0068.npy,oo,19,oo_0008.mp4,76,63,ok
D:\deep_learning_datasets\deep_learning\data\keypoints\oo_0069.npy,oo,19,oo_0009.mp4,77,33,ok
D:\deep_learning_datasets\deep_learning\data\keypoints\oo_0070.npy,oo,19,oo_0010.mp4,75,55,ok
D:\deep_learning_datasets\deep_learning\data\keypoints\oo_0071.npy,oo,19,oo_0011.mp4,76,49,ok
D:\deep_learning_datasets\deep_learning\data\keypoints\oo_0072.npy,oo,19,oo_0012.mp4,76,58,ok
D:\deep_learning_datasets\deep_learning\data\keypoints\oo_0073.npy,oo,19,oo_0013.mp4,76,56,ok
D:\deep_learning_datasets\deep_learning\data\keypoints\oo_0074.npy,oo,19,oo_0014.mp4,76,58,ok
D:\deep_learning_datasets\deep_learning\data\keypoints\oo_0075.npy,oo,19,oo_0015.mp4,76,43,ok
D:\deep_learning_datasets\deep_learning\data\keypoints\oo_0076.npy,oo,19,oo_0016.mp4,77,53,ok
D:\deep_learning_datasets\deep_learning\data\keypoints\oo_0077.npy,oo,19,oo_0017.mp4,77,51,ok
D:\deep_learning_datasets\deep_learning\data\keypoints\oo_0078.npy,oo,19,oo_0018.mp4,77,60,ok
D:\deep_learning_datasets\deep_learning\data\keypoints\oo_0079.npy,oo,19,oo_0019.mp4,76,55,ok
D:\deep_learning_datasets\deep_learning\data\keypoints\oo_0080.npy,oo,19,oo_0020.mp4,76,47,ok
D:\deep_learning_datasets\deep_learning\data\keypoints\ow_0000.npy,ow,20,D0508N.mp4,89,41,ok
D:\deep_learning_datasets\deep_learning\data\keypoints\ow_0001.npy,ow,20,ow_0000000.mp4,94,72,ok
D:\deep_learning_datasets\deep_learning\data\keypoints\ow_0002.npy,ow,20,ow_0000001.mp4,91,65,ok
D:\deep_learning_datasets\deep_learning\data\keypoints\ow_0003.npy,ow,20,ow_0000002.mp4,83,62,ok
D:\deep_learning_datasets\deep_learning\data\keypoints\ow_0004.npy,ow,20,ow_0000003.mp4,70,50,ok
D:\deep_learning_datasets\deep_learning\data\keypoints\ow_0005.npy,ow,20,ow_0000004.mp4,73,47,ok
D:\deep_learning_datasets\deep_learning\data\keypoints\ow_0006.npy,ow,20,ow_0000005.mp4,101,81,ok
D:\deep_learning_datasets\deep_learning\data\keypoints\ow_0007.npy,ow,20,ow_0000006.mp4,88,67,ok
D:\deep_learning_datasets\deep_learning\data\keypoints\ow_0008.npy,ow,20,ow_0000007.mp4,81,60,ok
D:\deep_learning_datasets\deep_learning\data\keypoints\ow_0009.npy,ow,20,ow_0000008.mp4,92,70,ok
D:\deep_learning_datasets\deep_learning\data\keypoints\ow_0010.npy,ow,20,ow_0000009.mp4,80,59,ok
D:\deep_learning_datasets\deep_learning\data\keypoints\ow_0011.npy,ow,20,ow_000001.mp4,45,28,ok
D:\deep_learning_datasets\deep_learning\data\keypoints\ow_0012.npy,ow,20,ow_0000010.mp4,93,72,ok
D:\deep_learning_datasets\deep_learning\data\keypoints\ow_0013.npy,ow,20,ow_0000011.mp4,87,65,ok
D:\deep_learning_datasets\deep_learning\data\keypoints\ow_0014.npy,ow,20,ow_0000012.mp4,95,70,ok
D:\deep_learning_datasets\deep_learning\data\keypoints\ow_0015.npy,ow,20,ow_0000013.mp4,85,65,ok
D:\deep_learning_datasets\deep_learning\data\keypoints\ow_0016.npy,ow,20,ow_0000014.mp4,82,62,ok
D:\deep_learning_datasets\deep_learning\data\keypoints\ow_0017.npy,ow,20,ow_0000015.mp4,91,68,ok
D:\deep_learning_datasets\deep_learning\data\keypoints\ow_0018.npy,ow,20,ow_0000016.mp4,86,63,ok
D:\deep_learning_datasets\deep_learning\data\keypoints\ow_0019.npy,ow,20,ow_0000017.mp4,85,61,ok
D:\deep_learning_datasets\deep_learning\data\keypoints\ow_0020.npy,ow,20,ow_0000018.mp4,88,63,ok
D:\deep_learning_datasets\deep_learning\data\keypoints\ow_0021.npy,ow,20,ow_0000019.mp4,84,56,ok
D:\deep_learning_datasets\deep_learning\data\keypoints\ow_0022.npy,ow,20,ow_000002.mp4,52,35,ok
D:\deep_learning_datasets\deep_learning\data\keypoints\ow_0023.npy,ow,20,ow_000003.mp4,48,29,ok
D:\deep_learning_datasets\deep_learning\data\keypoints\ow_0024.npy,ow,20,ow_000004.mp4,50,36,ok
D:\deep_learning_datasets\deep_learning\data\keypoints\ow_0025.npy,ow,20,ow_000005.mp4,57,36,ok
D:\deep_learning_datasets\deep_learning\data\keypoints\ow_0026.npy,ow,20,ow_000006.mp4,49,31,ok
D:\deep_learning_datasets\deep_learning\data\keypoints\ow_0027.npy,ow,20,ow_000007.mp4,46,30,ok
D:\deep_learning_datasets\deep_learning\data\keypoints\ow_0028.npy,ow,20,ow_000008.mp4,52,31,ok
D:\deep_learning_datasets\deep_learning\data\keypoints\ow_0029.npy,ow,20,ow_000009.mp4,48,30,ok
D:\deep_learning_datasets\deep_learning\data\keypoints\ow_0030.npy,ow,20,ow_00001.mp4,60,31,ok
D:\deep_learning_datasets\deep_learning\data\keypoints\ow_0031.npy,ow,20,ow_000010.mp4,52,32,ok
D:\deep_learning_datasets\deep_learning\data\keypoints\ow_0032.npy,ow,20,ow_000011.mp4,63,46,ok
D:\deep_learning_datasets\deep_learning\data\keypoints\ow_0033.npy,ow,20,ow_000012.mp4,46,30,ok
D:\deep_learning_datasets\deep_learning\data\keypoints\ow_0034.npy,ow,20,ow_000013.mp4,51,35,ok
D:\deep_learning_datasets\deep_learning\data\keypoints\ow_0035.npy,ow,20,ow_000014.mp4,47,31,ok
D:\deep_learning_datasets\deep_learning\data\keypoints\ow_0036.npy,ow,20,ow_000015.mp4,52,27,ok
D:\deep_learning_datasets\deep_learning\data\keypoints\ow_0037.npy,ow,20,ow_000016.mp4,44,21,ok
D:\deep_learning_datasets\deep_learning\data\keypoints\ow_0038.npy,ow,20,ow_000017.mp4,79,55,ok
D:\deep_learning_datasets\deep_learning\data\keypoints\ow_0039.npy,ow,20,ow_000018.mp4,50,33,ok
D:\deep_learning_datasets\deep_learning\data\keypoints\ow_0040.npy,ow,20,ow_000019.mp4,53,33,ok
D:\deep_learning_datasets\deep_learning\data\keypoints\ow_0041.npy,ow,20,ow_00002.mp4,64,31,ok
D:\deep_learning_datasets\deep_learning\data\keypoints\ow_0042.npy,ow,20,ow_000020.mp4,52,35,ok
D:\deep_learning_datasets\deep_learning\data\keypoints\ow_0043.npy,ow,20,ow_00003.mp4,64,32,ok
D:\deep_learning_datasets\deep_learning\data\keypoints\ow_0044.npy,ow,20,ow_00004.mp4,85,51,ok
D:\deep_learning_datasets\deep_learning\data\keypoints\ow_0045.npy,ow,20,ow_00005.mp4,61,35,ok
D:\deep_learning_datasets\deep_learning\data\keypoints\ow_0046.npy,ow,20,ow_00006.mp4,94,52,ok
D:\deep_learning_datasets\deep_learning\data\keypoints\ow_0047.npy,ow,20,ow_00007.mp4,58,33,ok
D:\deep_learning_datasets\deep_learning\data\keypoints\ow_0048.npy,ow,20,ow_00008.mp4,78,48,ok
D:\deep_learning_datasets\deep_learning\data\keypoints\ow_0049.npy,ow,20,ow_00009.mp4,57,28,ok
D:\deep_learning_datasets\deep_learning\data\keypoints\ow_0050.npy,ow,20,ow_0001.mp4,77,74,ok
D:\deep_learning_datasets\deep_learning\data\keypoints\ow_0051.npy,ow,20,ow_00010.mp4,76,37,ok
D:\deep_learning_datasets\deep_learning\data\keypoints\ow_0052.npy,ow,20,ow_00011.mp4,76,37,ok
D:\deep_learning_datasets\deep_learning\data\keypoints\ow_0053.npy,ow,20,ow_00012.mp4,69,34,ok
D:\deep_learning_datasets\deep_learning\data\keypoints\ow_0054.npy,ow,20,ow_00013.mp4,88,54,ok
D:\deep_learning_datasets\deep_learning\data\keypoints\ow_0055.npy,ow,20,ow_00014.mp4,92,51,ok
D:\deep_learning_datasets\deep_learning\data\keypoints\ow_0056.npy,ow,20,ow_00015.mp4,76,46,ok
D:\deep_learning_datasets\deep_learning\data\keypoints\ow_0057.npy,ow,20,ow_00016.mp4,87,47,ok
D:\deep_learning_datasets\deep_learning\data\keypoints\ow_0058.npy,ow,20,ow_00017.mp4,65,41,ok
D:\deep_learning_datasets\deep_learning\data\keypoints\ow_0059.npy,ow,20,ow_00018.mp4,89,49,ok
D:\deep_learning_datasets\deep_learning\data\keypoints\ow_0060.npy,ow,20,ow_00019.mp4,98,66,ok
D:\deep_learning_datasets\deep_learning\data\keypoints\ow_0061.npy,ow,20,ow_0002.mp4,77,74,ok
D:\deep_learning_datasets\deep_learning\data\keypoints\ow_0062.npy,ow,20,ow_00020.mp4,91,50,ok
D:\deep_learning_datasets\deep_learning\data\keypoints\ow_0063.npy,ow,20,ow_0003.mp4,76,72,ok
D:\deep_learning_datasets\deep_learning\data\keypoints\ow_0064.npy,ow,20,ow_0004.mp4,76,76,ok
D:\deep_learning_datasets\deep_learning\data\keypoints\ow_0065.npy,ow,20,ow_0005.mp4,77,77,ok
D:\deep_learning_datasets\deep_learning\data\keypoints\ow_0066.npy,ow,20,ow_0006.mp4,77,72,ok
D:\deep_learning_datasets\deep_learning\data\keypoints\ow_0067.npy,ow,20,ow_0007.mp4,76,73,ok
D:\deep_learning_datasets\deep_learning\data\keypoints\ow_0068.npy,ow,20,ow_0008.mp4,77,74,ok
D:\deep_learning_datasets\deep_learning\data\keypoints\ow_0069.npy,ow,20,ow_0009.mp4,77,72,ok
D:\deep_learning_datasets\deep_learning\data\keypoints\ow_0070.npy,ow,20,ow_0010.mp4,76,62,ok
D:\deep_learning_datasets\deep_learning\data\keypoints\ow_0071.npy,ow,20,ow_0011.mp4,76,52,ok
D:\deep_learning_datasets\deep_learning\data\keypoints\ow_0072.npy,ow,20,ow_0012.mp4,77,70,ok
D:\deep_learning_datasets\deep_learning\data\keypoints\ow_0073.npy,ow,20,ow_0013.mp4,77,57,ok
D:\deep_learning_datasets\deep_learning\data\keypoints\ow_0074.npy,ow,20,ow_0014.mp4,75,53,ok
D:\deep_learning_datasets\deep_learning\data\keypoints\ow_0075.npy,ow,20,ow_0015.mp4,76,63,ok
D:\deep_learning_datasets\deep_learning\data\keypoints\ow_0076.npy,ow,20,ow_0016.mp4,77,74,ok
D:\deep_learning_datasets\deep_learning\data\keypoints\ow_0077.npy,ow,20,ow_0017.mp4,76,69,ok
D:\deep_learning_datasets\deep_learning\data\keypoints\ow_0078.npy,ow,20,ow_0018.mp4,76,76,ok
D:\deep_learning_datasets\deep_learning\data\keypoints\ow_0079.npy,ow,20,ow_0019.mp4,77,63,ok
D:\deep_learning_datasets\deep_learning\data\keypoints\ow_0080.npy,ow,20,ow_0020.mp4,77,68,ok
D:\deep_learning_datasets\deep_learning\data\keypoints\p_0000.npy,p,21,D0509N.mp4,68,39,ok
D:\deep_learning_datasets\deep_learning\data\keypoints\p_0001.npy,p,21,p_0000000.mp4,61,34,ok
D:\deep_learning_datasets\deep_learning\data\keypoints\p_0002.npy,p,21,p_0000001.mp4,64,36,ok
D:\deep_learning_datasets\deep_learning\data\keypoints\p_0003.npy,p,21,p_0000002.mp4,61,35,ok
D:\deep_learning_datasets\deep_learning\data\keypoints\p_0004.npy,p,21,p_0000003.mp4,53,17,ok
D:\deep_learning_datasets\deep_learning\data\keypoints\p_0005.npy,p,21,p_0000004.mp4,69,38,ok
D:\deep_learning_datasets\deep_learning\data\keypoints\p_0006.npy,p,21,p_0000005.mp4,84,47,ok
D:\deep_learning_datasets\deep_learning\data\keypoints\p_0007.npy,p,21,p_0000006.mp4,78,48,ok
D:\deep_learning_datasets\deep_learning\data\keypoints\p_0008.npy,p,21,p_0000007.mp4,82,48,ok
D:\deep_learning_datasets\deep_learning\data\keypoints\p_0009.npy,p,21,p_0000008.mp4,81,45,ok
D:\deep_learning_datasets\deep_learning\data\keypoints\p_0010.npy,p,21,p_0000009.mp4,66,37,ok
D:\deep_learning_datasets\deep_learning\data\keypoints\p_0011.npy,p,21,p_000001.mp4,34,15,ok
D:\deep_learning_datasets\deep_learning\data\keypoints\p_0012.npy,p,21,p_0000010.mp4,81,48,ok
D:\deep_learning_datasets\deep_learning\data\keypoints\p_0013.npy,p,21,p_0000011.mp4,81,50,ok
D:\deep_learning_datasets\deep_learning\data\keypoints\p_0014.npy,p,21,p_0000012.mp4,66,37,ok
D:\deep_learning_datasets\deep_learning\data\keypoints\p_0015.npy,p,21,p_0000013.mp4,75,44,ok
D:\deep_learning_datasets\deep_learning\data\keypoints\p_0016.npy,p,21,p_0000014.mp4,74,43,ok
D:\deep_learning_datasets\deep_learning\data\keypoints\p_0017.npy,p,21,p_0000015.mp4,78,44,ok
D:\deep_learning_datasets\deep_learning\data\keypoints\p_0018.npy,p,21,p_0000016.mp4,76,36,ok
D:\deep_learning_datasets\deep_learning\data\keypoints\p_0019.npy,p,21,p_0000017.mp4,73,42,ok
D:\deep_learning_datasets\deep_learning\data\keypoints\p_0020.npy,p,21,p_0000018.mp4,71,39,ok
D:\deep_learning_datasets\deep_learning\data\keypoints\p_0021.npy,p,21,p_0000019.mp4,67,36,ok
D:\deep_learning_datasets\deep_learning\data\keypoints\p_0022.npy,p,21,p_000002.mp4,42,24,ok
D:\deep_learning_datasets\deep_learning\data\keypoints\p_0023.npy,p,21,p_000003.mp4,36,19,ok
D:\deep_learning_datasets\deep_learning\data\keypoints\p_0024.npy,p,21,p_000004.mp4,35,18,ok
D:\deep_learning_datasets\deep_learning\data\keypoints\p_0025.npy,p,21,p_000005.mp4,36,19,ok
D:\deep_learning_datasets\deep_learning\data\keypoints\p_0026.npy,p,21,p_000006.mp4,32,15,ok
D:\deep_learning_datasets\deep_learning\data\keypoints\p_0027.npy,p,21,p_000007.mp4,39,16,ok
D:\deep_learning_datasets\deep_learning\data\keypoints\p_0028.npy,p,21,p_000008.mp4,36,17,ok
D:\deep_learning_datasets\deep_learning\data\keypoints\p_0029.npy,p,21,p_000009.mp4,33,16,ok
D:\deep_learning_datasets\deep_learning\data\keypoints\p_0030.npy,p,21,p_00001.mp4,76,38,ok
D:\deep_learning_datasets\deep_learning\data\keypoints\p_0031.npy,p,21,p_000010.mp4,41,18,ok
D:\deep_learning_datasets\deep_learning\data\keypoints\p_0032.npy,p,21,p_000011.mp4,41,24,ok
D:\deep_learning_datasets\deep_learning\data\keypoints\p_0033.npy,p,21,p_000012.mp4,34,20,ok
D:\deep_learning_datasets\deep_learning\data\keypoints\p_0034.npy,p,21,p_000013.mp4,38,20,ok
D:\deep_learning_datasets\deep_learning\data\keypoints\p_0035.npy,p,21,p_000014.mp4,34,16,ok
D:\deep_learning_datasets\deep_learning\data\keypoints\p_0036.npy,p,21,p_000015.mp4,31,15,ok
D:\deep_learning_datasets\deep_learning\data\keypoints\p_0037.npy,p,21,p_000016.mp4,38,22,ok
D:\deep_learning_datasets\deep_learning\data\keypoints\p_0038.npy,p,21,p_000017.mp4,35,15,ok
D:\deep_learning_datasets\deep_learning\data\keypoints\p_0039.npy,p,21,p_000018.mp4,29,18,ok
D:\deep_learning_datasets\deep_learning\data\keypoints\p_0040.npy,p,21,p_000019.mp4,41,23,ok
D:\deep_learning_datasets\deep_learning\data\keypoints\p_0041.npy,p,21,p_00002.mp4,63,35,ok
D:\deep_learning_datasets\deep_learning\data\keypoints\p_0042.npy,p,21,p_000020.mp4,36,21,ok
D:\deep_learning_datasets\deep_learning\data\keypoints\p_0043.npy,p,21,p_00003.mp4,67,38,ok
D:\deep_learning_datasets\deep_learning\data\keypoints\p_0044.npy,p,21,p_00004.mp4,58,25,ok
D:\deep_learning_datasets\deep_learning\data\keypoints\p_0045.npy,p,21,p_00005.mp4,67,30,ok
D:\deep_learning_datasets\deep_learning\data\keypoints\p_0046.npy,p,21,p_00006.mp4,90,37,ok
D:\deep_learning_datasets\deep_learning\data\keypoints\p_0047.npy,p,21,p_00007.mp4,71,31,ok
D:\deep_learning_datasets\deep_learning\data\keypoints\p_0048.npy,p,21,p_00008.mp4,80,40,ok
D:\deep_learning_datasets\deep_learning\data\keypoints\p_0049.npy,p,21,p_00009.mp4,80,25,ok
D:\deep_learning_datasets\deep_learning\data\keypoints\p_0050.npy,p,21,p_0001.mp4,78,64,ok
D:\deep_learning_datasets\deep_learning\data\keypoints\p_0051.npy,p,21,p_00010.mp4,88,36,ok
D:\deep_learning_datasets\deep_learning\data\keypoints\p_0052.npy,p,21,p_00011.mp4,85,36,ok
D:\deep_learning_datasets\deep_learning\data\keypoints\p_0053.npy,p,21,p_00012.mp4,82,35,ok
D:\deep_learning_datasets\deep_learning\data\keypoints\p_0054.npy,p,21,p_00013.mp4,63,31,ok
D:\deep_learning_datasets\deep_learning\data\keypoints\p_0055.npy,p,21,p_00014.mp4,77,40,ok
D:\deep_learning_datasets\deep_learning\data\keypoints\p_0056.npy,p,21,p_00015.mp4,86,33,ok
D:\deep_learning_datasets\deep_learning\data\keypoints\p_0057.npy,p,21,p_00016.mp4,70,25,ok
D:\deep_learning_datasets\deep_learning\data\keypoints\p_0058.npy,p,21,p_00017.mp4,81,38,ok
D:\deep_learning_datasets\deep_learning\data\keypoints\p_0059.npy,p,21,p_00018.mp4,74,25,ok
D:\deep_learning_datasets\deep_learning\data\keypoints\p_0060.npy,p,21,p_00019.mp4,76,22,ok
D:\deep_learning_datasets\deep_learning\data\keypoints\p_0061.npy,p,21,p_0002.mp4,78,64,ok
D:\deep_learning_datasets\deep_learning\data\keypoints\p_0062.npy,p,21,p_00020.mp4,56,22,ok
D:\deep_learning_datasets\deep_learning\data\keypoints\p_0063.npy,p,21,p_0003.mp4,77,75,ok
D:\deep_learning_datasets\deep_learning\data\keypoints\p_0064.npy,p,21,p_0004.mp4,76,70,ok
D:\deep_learning_datasets\deep_learning\data\keypoints\p_0065.npy,p,21,p_0005.mp4,77,61,ok
D:\deep_learning_datasets\deep_learning\data\keypoints\p_0066.npy,p,21,p_0006.mp4,76,57,ok
D:\deep_learning_datasets\deep_learning\data\keypoints\p_0067.npy,p,21,p_0007.mp4,76,50,ok
D:\deep_learning_datasets\deep_learning\data\keypoints\p_0068.npy,p,21,p_0008.mp4,76,57,ok
D:\deep_learning_datasets\deep_learning\data\keypoints\p_0069.npy,p,21,p_0009.mp4,76,59,ok
D:\deep_learning_datasets\deep_learning\data\keypoints\p_0070.npy,p,21,p_0010.mp4,77,59,ok
D:\deep_learning_datasets\deep_learning\data\keypoints\p_0071.npy,p,21,p_0011.mp4,77,62,ok
D:\deep_learning_datasets\deep_learning\data\keypoints\p_0072.npy,p,21,p_0012.mp4,77,67,ok
D:\deep_learning_datasets\deep_learning\data\keypoints\p_0073.npy,p,21,p_0013.mp4,76,63,ok
D:\deep_learning_datasets\deep_learning\data\keypoints\p_0074.npy,p,21,p_0014.mp4,77,66,ok
D:\deep_learning_datasets\deep_learning\data\keypoints\p_0075.npy,p,21,p_0015.mp4,77,47,ok
D:\deep_learning_datasets\deep_learning\data\keypoints\p_0076.npy,p,21,p_0016.mp4,76,66,ok
D:\deep_learning_datasets\deep_learning\data\keypoints\p_0077.npy,p,21,p_0017.mp4,76,52,ok
D:\deep_learning_datasets\deep_learning\data\keypoints\p_0078.npy,p,21,p_0018.mp4,76,54,ok
D:\deep_learning_datasets\deep_learning\data\keypoints\p_0079.npy,p,21,p_0019.mp4,77,52,ok
D:\deep_learning_datasets\deep_learning\data\keypoints\p_0080.npy,p,21,p_0020.mp4,77,61,ok
D:\deep_learning_datasets\deep_learning\data\keypoints\q_0000.npy,q,22,D0510.mp4,82,35,ok
D:\deep_learning_datasets\deep_learning\data\keypoints\q_0001.npy,q,22,q_0000000.mp4,70,41,ok
D:\deep_learning_datasets\deep_learning\data\keypoints\q_0002.npy,q,22,q_0000001.mp4,69,48,ok
D:\deep_learning_datasets\deep_learning\data\keypoints\q_0003.npy,q,22,q_0000002.mp4,69,45,ok
D:\deep_learning_datasets\deep_learning\data\keypoints\q_0004.npy,q,22,q_0000003.mp4,86,57,ok
D:\deep_learning_datasets\deep_learning\data\keypoints\q_0005.npy,q,22,q_0000004.mp4,96,49,ok
D:\deep_learning_datasets\deep_learning\data\keypoints\q_0006.npy,q,22,q_0000005.mp4,87,57,ok
D:\deep_learning_datasets\deep_learning\data\keypoints\q_0007.npy,q,22,q_0000006.mp4,73,45,ok
D:\deep_learning_datasets\deep_learning\data\keypoints\q_0008.npy,q,22,q_0000007.mp4,89,60,ok
D:\deep_learning_datasets\deep_learning\data\keypoints\q_0009.npy,q,22,q_0000008.mp4,91,59,ok
D:\deep_learning_datasets\deep_learning\data\keypoints\q_0010.npy,q,22,q_0000009.mp4,93,54,ok
D:\deep_learning_datasets\deep_learning\data\keypoints\q_0011.npy,q,22,q_000001.mp4,52,30,ok
D:\deep_learning_datasets\deep_learning\data\keypoints\q_0012.npy,q,22,q_0000010.mp4,89,67,ok
D:\deep_learning_datasets\deep_learning\data\keypoints\q_0013.npy,q,22,q_0000011.mp4,83,62,ok
D:\deep_learning_datasets\deep_learning\data\keypoints\q_0014.npy,q,22,q_0000012.mp4,81,59,ok
D:\deep_learning_datasets\deep_learning\data\keypoints\q_0015.npy,q,22,q_0000013.mp4,78,54,ok
D:\deep_learning_datasets\deep_learning\data\keypoints\q_0016.npy,q,22,q_0000014.mp4,82,55,ok
D:\deep_learning_datasets\deep_learning\data\keypoints\q_0017.npy,q,22,q_0000015.mp4,84,62,ok
D:\deep_learning_datasets\deep_learning\data\keypoints\q_0018.npy,q,22,q_0000016.mp4,83,61,ok
D:\deep_learning_datasets\deep_learning\data\keypoints\q_0019.npy,q,22,q_0000017.mp4,91,69,ok
D:\deep_learning_datasets\deep_learning\data\keypoints\q_0020.npy,q,22,q_0000018.mp4,85,62,ok
D:\deep_learning_datasets\deep_learning\data\keypoints\q_0021.npy,q,22,q_0000019.mp4,78,54,ok
D:\deep_learning_datasets\deep_learning\data\keypoints\q_0022.npy,q,22,q_000002.mp4,68,32,ok
D:\deep_learning_datasets\deep_learning\data\keypoints\q_0023.npy,q,22,q_000003.mp4,50,28,ok
D:\deep_learning_datasets\deep_learning\data\keypoints\q_0024.npy,q,22,q_000004.mp4,57,29,ok
D:\deep_learning_datasets\deep_learning\data\keypoints\q_0025.npy,q,22,q_000005.mp4,46,16,ok
D:\deep_learning_datasets\deep_learning\data\keypoints\q_0026.npy,q,22,q_000006.mp4,54,27,ok
D:\deep_learning_datasets\deep_learning\data\keypoints\q_0027.npy,q,22,q_000007.mp4,56,22,ok
D:\deep_learning_datasets\deep_learning\data\keypoints\q_0028.npy,q,22,q_000008.mp4,42,14,ok
D:\deep_learning_datasets\deep_learning\data\keypoints\q_0029.npy,q,22,q_000009.mp4,69,27,ok
D:\deep_learning_datasets\deep_learning\data\keypoints\q_0030.npy,q,22,q_00001.mp4,59,25,ok
D:\deep_learning_datasets\deep_learning\data\keypoints\q_0031.npy,q,22,q_000010.mp4,55,14,ok
D:\deep_learning_datasets\deep_learning\data\keypoints\q_0032.npy,q,22,q_000011.mp4,55,16,ok
D:\deep_learning_datasets\deep_learning\data\keypoints\q_0033.npy,q,22,q_000012.mp4,64,32,ok
D:\deep_learning_datasets\deep_learning\data\keypoints\q_0034.npy,q,22,q_000013.mp4,50,12,ok
D:\deep_learning_datasets\deep_learning\data\keypoints\q_0035.npy,q,22,q_000014.mp4,57,23,ok
D:\deep_learning_datasets\deep_learning\data\keypoints\q_0036.npy,q,22,q_000015.mp4,52,23,ok
D:\deep_learning_datasets\deep_learning\data\keypoints\q_0037.npy,q,22,q_000016.mp4,54,33,ok
D:\deep_learning_datasets\deep_learning\data\keypoints\q_0038.npy,q,22,q_000017.mp4,46,25,ok
D:\deep_learning_datasets\deep_learning\data\keypoints\q_0039.npy,q,22,q_000018.mp4,51,19,ok
D:\deep_learning_datasets\deep_learning\data\keypoints\q_0040.npy,q,22,q_000019.mp4,45,19,ok
D:\deep_learning_datasets\deep_learning\data\keypoints\q_0041.npy,q,22,q_00002.mp4,62,24,ok
D:\deep_learning_datasets\deep_learning\data\keypoints\q_0042.npy,q,22,q_000020.mp4,54,30,ok
D:\deep_learning_datasets\deep_learning\data\keypoints\q_0043.npy,q,22,q_00003.mp4,52,24,ok
D:\deep_learning_datasets\deep_learning\data\keypoints\q_0044.npy,q,22,q_00004.mp4,66,27,ok
D:\deep_learning_datasets\deep_learning\data\keypoints\q_0045.npy,q,22,q_00005.mp4,56,26,ok
D:\deep_learning_datasets\deep_learning\data\keypoints\q_0046.npy,q,22,q_00006.mp4,68,29,ok
D:\deep_learning_datasets\deep_learning\data\keypoints\q_0047.npy,q,22,q_00007.mp4,69,26,ok
D:\deep_learning_datasets\deep_learning\data\keypoints\q_0048.npy,q,22,q_00008.mp4,68,23,ok
D:\deep_learning_datasets\deep_learning\data\keypoints\q_0049.npy,q,22,q_00009.mp4,73,37,ok
D:\deep_learning_datasets\deep_learning\data\keypoints\q_0050.npy,q,22,q_0001.mp4,76,76,ok
D:\deep_learning_datasets\deep_learning\data\keypoints\q_0051.npy,q,22,q_00010.mp4,69,33,ok
D:\deep_learning_datasets\deep_learning\data\keypoints\q_0052.npy,q,22,q_00011.mp4,60,24,ok
D:\deep_learning_datasets\deep_learning\data\keypoints\q_0053.npy,q,22,q_00012.mp4,64,28,ok
D:\deep_learning_datasets\deep_learning\data\keypoints\q_0054.npy,q,22,q_00013.mp4,62,27,ok
D:\deep_learning_datasets\deep_learning\data\keypoints\q_0055.npy,q,22,q_00014.mp4,66,29,ok
D:\deep_learning_datasets\deep_learning\data\keypoints\q_0056.npy,q,22,q_00015.mp4,64,25,ok
D:\deep_learning_datasets\deep_learning\data\keypoints\q_0057.npy,q,22,q_00016.mp4,53,17,ok
D:\deep_learning_datasets\deep_learning\data\keypoints\q_0058.npy,q,22,q_00017.mp4,64,27,ok
D:\deep_learning_datasets\deep_learning\data\keypoints\q_0059.npy,q,22,q_00018.mp4,66,30,ok
D:\deep_learning_datasets\deep_learning\data\keypoints\q_0060.npy,q,22,q_00019.mp4,73,28,ok
D:\deep_learning_datasets\deep_learning\data\keypoints\q_0061.npy,q,22,q_0002.mp4,76,76,ok
D:\deep_learning_datasets\deep_learning\data\keypoints\q_0062.npy,q,22,q_00020.mp4,76,26,ok
D:\deep_learning_datasets\deep_learning\data\keypoints\q_0063.npy,q,22,q_0003.mp4,77,61,ok
D:\deep_learning_datasets\deep_learning\data\keypoints\q_0064.npy,q,22,q_0004.mp4,76,51,ok
D:\deep_learning_datasets\deep_learning\data\keypoints\q_0065.npy,q,22,q_0005.mp4,77,62,ok
D:\deep_learning_datasets\deep_learning\data\keypoints\q_0066.npy,q,22,q_0006.mp4,76,64,ok
D:\deep_learning_datasets\deep_learning\data\keypoints\q_0067.npy,q,22,q_0007.mp4,76,62,ok
D:\deep_learning_datasets\deep_learning\data\keypoints\q_0068.npy,q,22,q_0008.mp4,75,62,ok
D:\deep_learning_datasets\deep_learning\data\keypoints\q_0069.npy,q,22,q_0009.mp4,76,56,ok
D:\deep_learning_datasets\deep_learning\data\keypoints\q_0070.npy,q,22,q_0010.mp4,76,61,ok
D:\deep_learning_datasets\deep_learning\data\keypoints\q_0071.npy,q,22,q_0011.mp4,77,61,ok
D:\deep_learning_datasets\deep_learning\data\keypoints\q_0072.npy,q,22,q_0012.mp4,77,66,ok
D:\deep_learning_datasets\deep_learning\data\keypoints\q_0073.npy,q,22,q_0013.mp4,76,62,ok
D:\deep_learning_datasets\deep_learning\data\keypoints\q_0074.npy,q,22,q_0014.mp4,76,58,ok
D:\deep_learning_datasets\deep_learning\data\keypoints\q_0075.npy,q,22,q_0015.mp4,77,65,ok
D:\deep_learning_datasets\deep_learning\data\keypoints\q_0076.npy,q,22,q_0016.mp4,76,65,ok
D:\deep_learning_datasets\deep_learning\data\keypoints\q_0077.npy,q,22,q_0017.mp4,77,64,ok
D:\deep_learning_datasets\deep_learning\data\keypoints\q_0078.npy,q,22,q_0018.mp4,75,70,ok
D:\deep_learning_datasets\deep_learning\data\keypoints\q_0079.npy,q,22,q_0019.mp4,77,70,ok
D:\deep_learning_datasets\deep_learning\data\keypoints\q_0080.npy,q,22,q_0020.mp4,76,70,ok
D:\deep_learning_datasets\deep_learning\data\keypoints\r_0000.npy,r,23,D0511.mp4,64,29,ok
D:\deep_learning_datasets\deep_learning\data\keypoints\r_0001.npy,r,23,r_0000000.mp4,75,49,ok
D:\deep_learning_datasets\deep_learning\data\keypoints\r_0002.npy,r,23,r_0000001.mp4,63,45,ok
D:\deep_learning_datasets\deep_learning\data\keypoints\r_0003.npy,r,23,r_0000002.mp4,73,39,ok
D:\deep_learning_datasets\deep_learning\data\keypoints\r_0004.npy,r,23,r_0000003.mp4,70,42,ok
D:\deep_learning_datasets\deep_learning\data\keypoints\r_0005.npy,r,23,r_0000004.mp4,70,42,ok
D:\deep_learning_datasets\deep_learning\data\keypoints\r_0006.npy,r,23,r_0000005.mp4,71,42,ok
D:\deep_learning_datasets\deep_learning\data\keypoints\r_0007.npy,r,23,r_0000006.mp4,83,50,ok
D:\deep_learning_datasets\deep_learning\data\keypoints\r_0008.npy,r,23,r_0000007.mp4,76,43,ok
D:\deep_learning_datasets\deep_learning\data\keypoints\r_0009.npy,r,23,r_0000008.mp4,82,52,ok
D:\deep_learning_datasets\deep_learning\data\keypoints\r_0010.npy,r,23,r_0000009.mp4,76,45,ok
D:\deep_learning_datasets\deep_learning\data\keypoints\r_0011.npy,r,23,r_000001.mp4,60,37,ok
D:\deep_learning_datasets\deep_learning\data\keypoints\r_0012.npy,r,23,r_0000010.mp4,82,50,ok
D:\deep_learning_datasets\deep_learning\data\keypoints\r_0013.npy,r,23,r_0000011.mp4,81,42,ok
D:\deep_learning_datasets\deep_learning\data\keypoints\r_0014.npy,r,23,r_0000012.mp4,79,34,ok
D:\deep_learning_datasets\deep_learning\data\keypoints\r_0015.npy,r,23,r_0000013.mp4,84,44,ok
D:\deep_learning_datasets\deep_learning\data\keypoints\r_0016.npy,r,23,r_0000014.mp4,78,39,ok
D:\deep_learning_datasets\deep_learning\data\keypoints\r_0017.npy,r,23,r_0000015.mp4,85,48,ok
D:\deep_learning_datasets\deep_learning\data\keypoints\r_0018.npy,r,23,r_0000016.mp4,85,42,ok
D:\deep_learning_datasets\deep_learning\data\keypoints\r_0019.npy,r,23,r_0000017.mp4,94,47,ok
D:\deep_learning_datasets\deep_learning\data\keypoints\r_0020.npy,r,23,r_0000018.mp4,94,42,ok
D:\deep_learning_datasets\deep_learning\data\keypoints\r_0021.npy,r,23,r_0000019.mp4,94,45,ok
D:\deep_learning_datasets\deep_learning\data\keypoints\r_0022.npy,r,23,r_000002.mp4,57,34,ok
D:\deep_learning_datasets\deep_learning\data\keypoints\r_0023.npy,r,23,r_000003.mp4,52,34,ok
D:\deep_learning_datasets\deep_learning\data\keypoints\r_0024.npy,r,23,r_000004.mp4,48,21,ok
D:\deep_learning_datasets\deep_learning\data\keypoints\r_0025.npy,r,23,r_000005.mp4,61,31,ok
D:\deep_learning_datasets\deep_learning\data\keypoints\r_0026.npy,r,23,r_000006.mp4,57,30,ok
D:\deep_learning_datasets\deep_learning\data\keypoints\r_0027.npy,r,23,r_000007.mp4,52,22,ok
D:\deep_learning_datasets\deep_learning\data\keypoints\r_0028.npy,r,23,r_000008.mp4,51,23,ok
D:\deep_learning_datasets\deep_learning\data\keypoints\r_0029.npy,r,23,r_000009.mp4,51,24,ok
D:\deep_learning_datasets\deep_learning\data\keypoints\r_0030.npy,r,23,r_00001.mp4,66,31,ok
D:\deep_learning_datasets\deep_learning\data\keypoints\r_0031.npy,r,23,r_000010.mp4,51,28,ok
D:\deep_learning_datasets\deep_learning\data\keypoints\r_0032.npy,r,23,r_000011.mp4,12,0,no_hand_detected
D:\deep_learning_datasets\deep_learning\data\keypoints\r_0033.npy,r,23,r_000012.mp4,42,39,ok
D:\deep_learning_datasets\deep_learning\data\keypoints\r_0034.npy,r,23,r_000013.mp4,51,42,ok
D:\deep_learning_datasets\deep_learning\data\keypoints\r_0035.npy,r,23,r_000014.mp4,53,29,ok
D:\deep_learning_datasets\deep_learning\data\keypoints\r_0036.npy,r,23,r_000015.mp4,56,31,ok
D:\deep_learning_datasets\deep_learning\data\keypoints\r_0037.npy,r,23,r_000016.mp4,52,26,ok
D:\deep_learning_datasets\deep_learning\data\keypoints\r_0038.npy,r,23,r_000017.mp4,45,21,ok
D:\deep_learning_datasets\deep_learning\data\keypoints\r_0039.npy,r,23,r_000018.mp4,41,33,ok
D:\deep_learning_datasets\deep_learning\data\keypoints\r_0040.npy,r,23,r_000019.mp4,53,25,ok
D:\deep_learning_datasets\deep_learning\data\keypoints\r_0041.npy,r,23,r_00002.mp4,82,40,ok
D:\deep_learning_datasets\deep_learning\data\keypoints\r_0042.npy,r,23,r_000020.mp4,60,32,ok
D:\deep_learning_datasets\deep_learning\data\keypoints\r_0043.npy,r,23,r_00003.mp4,68,35,ok
D:\deep_learning_datasets\deep_learning\data\keypoints\r_0044.npy,r,23,r_00004.mp4,60,37,ok
D:\deep_learning_datasets\deep_learning\data\keypoints\r_0045.npy,r,23,r_00005.mp4,62,37,ok
D:\deep_learning_datasets\deep_learning\data\keypoints\r_0046.npy,r,23,r_00006.mp4,60,37,ok
D:\deep_learning_datasets\deep_learning\data\keypoints\r_0047.npy,r,23,r_00007.mp4,52,32,ok
D:\deep_learning_datasets\deep_learning\data\keypoints\r_0048.npy,r,23,r_00008.mp4,82,51,ok
D:\deep_learning_datasets\deep_learning\data\keypoints\r_0049.npy,r,23,r_00009.mp4,75,28,ok
D:\deep_learning_datasets\deep_learning\data\keypoints\r_0050.npy,r,23,r_0001.mp4,76,55,ok
D:\deep_learning_datasets\deep_learning\data\keypoints\r_0051.npy,r,23,r_00010.mp4,112,55,ok
D:\deep_learning_datasets\deep_learning\data\keypoints\r_0052.npy,r,23,r_00011.mp4,84,35,ok
D:\deep_learning_datasets\deep_learning\data\keypoints\r_0053.npy,r,23,r_00012.mp4,66,42,ok
D:\deep_learning_datasets\deep_learning\data\keypoints\r_0054.npy,r,23,r_00013.mp4,78,45,ok
D:\deep_learning_datasets\deep_learning\data\keypoints\r_0055.npy,r,23,r_00014.mp4,68,36,ok
D:\deep_learning_datasets\deep_learning\data\keypoints\r_0056.npy,r,23,r_00015.mp4,80,33,ok
D:\deep_learning_datasets\deep_learning\data\keypoints\r_0057.npy,r,23,r_00016.mp4,82,41,ok
D:\deep_learning_datasets\deep_learning\data\keypoints\r_0058.npy,r,23,r_00017.mp4,62,33,ok
D:\deep_learning_datasets\deep_learning\data\keypoints\r_0059.npy,r,23,r_00018.mp4,74,40,ok
D:\deep_learning_datasets\deep_learning\data\keypoints\r_0060.npy,r,23,r_00019.mp4,64,37,ok
D:\deep_learning_datasets\deep_learning\data\keypoints\r_0061.npy,r,23,r_0002.mp4,76,55,ok
D:\deep_learning_datasets\deep_learning\data\keypoints\r_0062.npy,r,23,r_00020.mp4,95,50,ok
D:\deep_learning_datasets\deep_learning\data\keypoints\r_0063.npy,r,23,r_0003.mp4,76,76,ok
D:\deep_learning_datasets\deep_learning\data\keypoints\r_0064.npy,r,23,r_0004.mp4,77,53,ok
D:\deep_learning_datasets\deep_learning\data\keypoints\r_0065.npy,r,23,r_0005.mp4,76,56,ok
D:\deep_learning_datasets\deep_learning\data\keypoints\r_0066.npy,r,23,r_0006.mp4,76,46,ok
D:\deep_learning_datasets\deep_learning\data\keypoints\r_0067.npy,r,23,r_0007.mp4,77,50,ok
D:\deep_learning_datasets\deep_learning\data\keypoints\r_0068.npy,r,23,r_0008.mp4,76,56,ok
D:\deep_learning_datasets\deep_learning\data\keypoints\r_0069.npy,r,23,r_0009.mp4,76,48,ok
D:\deep_learning_datasets\deep_learning\data\keypoints\r_0070.npy,r,23,r_0010.mp4,76,61,ok
D:\deep_learning_datasets\deep_learning\data\keypoints\r_0071.npy,r,23,r_0011.mp4,77,52,ok
D:\deep_learning_datasets\deep_learning\data\keypoints\r_0072.npy,r,23,r_0012.mp4,77,40,ok
D:\deep_learning_datasets\deep_learning\data\keypoints\r_0073.npy,r,23,r_0013.mp4,76,48,ok
D:\deep_learning_datasets\deep_learning\data\keypoints\r_0074.npy,r,23,r_0014.mp4,77,45,ok
D:\deep_learning_datasets\deep_learning\data\keypoints\r_0075.npy,r,23,r_0015.mp4,76,39,ok
D:\deep_learning_datasets\deep_learning\data\keypoints\r_0076.npy,r,23,r_0016.mp4,76,64,ok
D:\deep_learning_datasets\deep_learning\data\keypoints\r_0077.npy,r,23,r_0017.mp4,76,43,ok
D:\deep_learning_datasets\deep_learning\data\keypoints\r_0078.npy,r,23,r_0018.mp4,77,61,ok
D:\deep_learning_datasets\deep_learning\data\keypoints\r_0079.npy,r,23,r_0019.mp4,76,58,ok
D:\deep_learning_datasets\deep_learning\data\keypoints\r_0080.npy,r,23,r_0020.mp4,76,47,ok
D:\deep_learning_datasets\deep_learning\data\keypoints\s_0000.npy,s,24,D0512.mp4,73,30,ok
D:\deep_learning_datasets\deep_learning\data\keypoints\s_0001.npy,s,24,s_0000000.mp4,58,33,ok
D:\deep_learning_datasets\deep_learning\data\keypoints\s_0002.npy,s,24,s_0000001.mp4,66,46,ok
D:\deep_learning_datasets\deep_learning\data\keypoints\s_0003.npy,s,24,s_0000002.mp4,70,39,ok
D:\deep_learning_datasets\deep_learning\data\keypoints\s_0004.npy,s,24,s_0000003.mp4,75,42,ok
D:\deep_learning_datasets\deep_learning\data\keypoints\s_0005.npy,s,24,s_0000004.mp4,60,33,ok
D:\deep_learning_datasets\deep_learning\data\keypoints\s_0006.npy,s,24,s_0000005.mp4,76,41,ok
D:\deep_learning_datasets\deep_learning\data\keypoints\s_0007.npy,s,24,s_0000006.mp4,65,34,ok
D:\deep_learning_datasets\deep_learning\data\keypoints\s_0008.npy,s,24,s_0000007.mp4,78,47,ok
D:\deep_learning_datasets\deep_learning\data\keypoints\s_0009.npy,s,24,s_0000008.mp4,79,42,ok
D:\deep_learning_datasets\deep_learning\data\keypoints\s_0010.npy,s,24,s_0000009.mp4,69,43,ok
D:\deep_learning_datasets\deep_learning\data\keypoints\s_0011.npy,s,24,s_000001.mp4,36,16,ok
D:\deep_learning_datasets\deep_learning\data\keypoints\s_0012.npy,s,24,s_0000010.mp4,70,42,ok
D:\deep_learning_datasets\deep_learning\data\keypoints\s_0013.npy,s,24,s_0000011.mp4,77,46,ok
D:\deep_learning_datasets\deep_learning\data\keypoints\s_0014.npy,s,24,s_0000012.mp4,69,43,ok
D:\deep_learning_datasets\deep_learning\data\keypoints\s_0015.npy,s,24,s_0000013.mp4,65,39,ok
D:\deep_learning_datasets\deep_learning\data\keypoints\s_0016.npy,s,24,s_0000014.mp4,73,38,ok
D:\deep_learning_datasets\deep_learning\data\keypoints\s_0017.npy,s,24,s_0000015.mp4,68,37,ok
D:\deep_learning_datasets\deep_learning\data\keypoints\s_0018.npy,s,24,s_0000016.mp4,80,41,ok
D:\deep_learning_datasets\deep_learning\data\keypoints\s_0019.npy,s,24,s_0000017.mp4,89,50,ok
D:\deep_learning_datasets\deep_learning\data\keypoints\s_0020.npy,s,24,s_0000018.mp4,75,43,ok
D:\deep_learning_datasets\deep_learning\data\keypoints\s_0021.npy,s,24,s_0000019.mp4,70,46,ok
D:\deep_learning_datasets\deep_learning\data\keypoints\s_0022.npy,s,24,s_000002.mp4,42,16,ok
D:\deep_learning_datasets\deep_learning\data\keypoints\s_0023.npy,s,24,s_000003.mp4,36,16,ok
D:\deep_learning_datasets\deep_learning\data\keypoints\s_0024.npy,s,24,s_000004.mp4,39,16,ok
D:\deep_learning_datasets\deep_learning\data\keypoints\s_0025.npy,s,24,s_000005.mp4,33,16,ok
D:\deep_learning_datasets\deep_learning\data\keypoints\s_0026.npy,s,24,s_000006.mp4,36,18,ok
D:\deep_learning_datasets\deep_learning\data\keypoints\s_0027.npy,s,24,s_000007.mp4,36,16,ok
D:\deep_learning_datasets\deep_learning\data\keypoints\s_0028.npy,s,24,s_000008.mp4,33,16,ok
D:\deep_learning_datasets\deep_learning\data\keypoints\s_0029.npy,s,24,s_000009.mp4,36,20,ok
D:\deep_learning_datasets\deep_learning\data\keypoints\s_0030.npy,s,24,s_00001.mp4,56,26,ok
D:\deep_learning_datasets\deep_learning\data\keypoints\s_0031.npy,s,24,s_000010.mp4,35,15,ok
D:\deep_learning_datasets\deep_learning\data\keypoints\s_0032.npy,s,24,s_000011.mp4,39,18,ok
D:\deep_learning_datasets\deep_learning\data\keypoints\s_0033.npy,s,24,s_000012.mp4,43,23,ok
D:\deep_learning_datasets\deep_learning\data\keypoints\s_0034.npy,s,24,s_000013.mp4,36,20,ok
D:\deep_learning_datasets\deep_learning\data\keypoints\s_0035.npy,s,24,s_000014.mp4,36,15,ok
D:\deep_learning_datasets\deep_learning\data\keypoints\s_0036.npy,s,24,s_000015.mp4,37,18,ok
D:\deep_learning_datasets\deep_learning\data\keypoints\s_0037.npy,s,24,s_000016.mp4,36,13,ok
D:\deep_learning_datasets\deep_learning\data\keypoints\s_0038.npy,s,24,s_000017.mp4,40,16,ok
D:\deep_learning_datasets\deep_learning\data\keypoints\s_0039.npy,s,24,s_000018.mp4,40,19,ok
D:\deep_learning_datasets\deep_learning\data\keypoints\s_0040.npy,s,24,s_000019.mp4,40,16,ok
D:\deep_learning_datasets\deep_learning\data\keypoints\s_0041.npy,s,24,s_00002.mp4,51,27,ok
D:\deep_learning_datasets\deep_learning\data\keypoints\s_0042.npy,s,24,s_000020.mp4,46,28,ok
D:\deep_learning_datasets\deep_learning\data\keypoints\s_0043.npy,s,24,s_00003.mp4,48,24,ok
D:\deep_learning_datasets\deep_learning\data\keypoints\s_0044.npy,s,24,s_00004.mp4,44,19,ok
D:\deep_learning_datasets\deep_learning\data\keypoints\s_0045.npy,s,24,s_00005.mp4,44,19,ok
D:\deep_learning_datasets\deep_learning\data\keypoints\s_0046.npy,s,24,s_00006.mp4,52,24,ok
D:\deep_learning_datasets\deep_learning\data\keypoints\s_0047.npy,s,24,s_00007.mp4,52,25,ok
D:\deep_learning_datasets\deep_learning\data\keypoints\s_0048.npy,s,24,s_00008.mp4,48,21,ok
D:\deep_learning_datasets\deep_learning\data\keypoints\s_0049.npy,s,24,s_00009.mp4,49,22,ok
D:\deep_learning_datasets\deep_learning\data\keypoints\s_0050.npy,s,24,s_0001.mp4,76,57,ok
D:\deep_learning_datasets\deep_learning\data\keypoints\s_0051.npy,s,24,s_00010.mp4,54,28,ok
D:\deep_learning_datasets\deep_learning\data\keypoints\s_0052.npy,s,24,s_00011.mp4,69,38,ok
D:\deep_learning_datasets\deep_learning\data\keypoints\s_0053.npy,s,24,s_00012.mp4,52,28,ok
D:\deep_learning_datasets\deep_learning\data\keypoints\s_0054.npy,s,24,s_00013.mp4,62,30,ok
D:\deep_learning_datasets\deep_learning\data\keypoints\s_0055.npy,s,24,s_00014.mp4,63,35,ok
D:\deep_learning_datasets\deep_learning\data\keypoints\s_0056.npy,s,24,s_00015.mp4,82,46,ok
D:\deep_learning_datasets\deep_learning\data\keypoints\s_0057.npy,s,24,s_00016.mp4,77,44,ok
D:\deep_learning_datasets\deep_learning\data\keypoints\s_0058.npy,s,24,s_00017.mp4,66,45,ok
D:\deep_learning_datasets\deep_learning\data\keypoints\s_0059.npy,s,24,s_00018.mp4,48,21,ok
D:\deep_learning_datasets\deep_learning\data\keypoints\s_0060.npy,s,24,s_00019.mp4,66,38,ok
D:\deep_learning_datasets\deep_learning\data\keypoints\s_0061.npy,s,24,s_0002.mp4,76,57,ok
D:\deep_learning_datasets\deep_learning\data\keypoints\s_0062.npy,s,24,s_00020.mp4,69,36,ok
D:\deep_learning_datasets\deep_learning\data\keypoints\s_0063.npy,s,24,s_0003.mp4,76,61,ok
D:\deep_learning_datasets\deep_learning\data\keypoints\s_0064.npy,s,24,s_0004.mp4,76,57,ok
D:\deep_learning_datasets\deep_learning\data\keypoints\s_0065.npy,s,24,s_0005.mp4,76,76,ok
D:\deep_learning_datasets\deep_learning\data\keypoints\s_0066.npy,s,24,s_0006.mp4,77,47,ok
D:\deep_learning_datasets\deep_learning\data\keypoints\s_0067.npy,s,24,s_0007.mp4,77,77,ok
D:\deep_learning_datasets\deep_learning\data\keypoints\s_0068.npy,s,24,s_0008.mp4,76,76,ok
D:\deep_learning_datasets\deep_learning\data\keypoints\s_0069.npy,s,24,s_0009.mp4,76,73,ok
D:\deep_learning_datasets\deep_learning\data\keypoints\s_0070.npy,s,24,s_0010.mp4,76,63,ok
D:\deep_learning_datasets\deep_learning\data\keypoints\s_0071.npy,s,24,s_0011.mp4,77,59,ok
D:\deep_learning_datasets\deep_learning\data\keypoints\s_0072.npy,s,24,s_0012.mp4,75,67,ok
D:\deep_learning_datasets\deep_learning\data\keypoints\s_0073.npy,s,24,s_0013.mp4,77,65,ok
D:\deep_learning_datasets\deep_learning\data\keypoints\s_0074.npy,s,24,s_0014.mp4,77,47,ok
D:\deep_learning_datasets\deep_learning\data\keypoints\s_0075.npy,s,24,s_0015.mp4,77,49,ok
D:\deep_learning_datasets\deep_learning\data\keypoints\s_0076.npy,s,24,s_0016.mp4,77,52,ok
D:\deep_learning_datasets\deep_learning\data\keypoints\s_0077.npy,s,24,s_0017.mp4,77,47,ok
D:\deep_learning_datasets\deep_learning\data\keypoints\s_0078.npy,s,24,s_0018.mp4,76,58,ok
D:\deep_learning_datasets\deep_learning\data\keypoints\s_0079.npy,s,24,s_0019.mp4,77,49,ok
D:\deep_learning_datasets\deep_learning\data\keypoints\s_0080.npy,s,24,s_0020.mp4,77,52,ok
D:\deep_learning_datasets\deep_learning\data\keypoints\t_0000.npy,t,25,D0513N.mp4,80,40,ok
D:\deep_learning_datasets\deep_learning\data\keypoints\t_0001.npy,t,25,t_0000000.mp4,58,34,ok
D:\deep_learning_datasets\deep_learning\data\keypoints\t_0002.npy,t,25,t_0000001.mp4,67,36,ok
D:\deep_learning_datasets\deep_learning\data\keypoints\t_0003.npy,t,25,t_0000002.mp4,70,42,ok
D:\deep_learning_datasets\deep_learning\data\keypoints\t_0004.npy,t,25,t_0000003.mp4,73,43,ok
D:\deep_learning_datasets\deep_learning\data\keypoints\t_0005.npy,t,25,t_0000004.mp4,70,44,ok
D:\deep_learning_datasets\deep_learning\data\keypoints\t_0006.npy,t,25,t_0000005.mp4,78,49,ok
D:\deep_learning_datasets\deep_learning\data\keypoints\t_0007.npy,t,25,t_0000006.mp4,71,42,ok
D:\deep_learning_datasets\deep_learning\data\keypoints\t_0008.npy,t,25,t_0000007.mp4,88,53,ok
D:\deep_learning_datasets\deep_learning\data\keypoints\t_0009.npy,t,25,t_0000008.mp4,86,51,ok
D:\deep_learning_datasets\deep_learning\data\keypoints\t_0010.npy,t,25,t_0000009.mp4,79,46,ok
D:\deep_learning_datasets\deep_learning\data\keypoints\t_0011.npy,t,25,t_000001.mp4,41,24,ok
D:\deep_learning_datasets\deep_learning\data\keypoints\t_0012.npy,t,25,t_0000010.mp4,75,43,ok
D:\deep_learning_datasets\deep_learning\data\keypoints\t_0013.npy,t,25,t_0000011.mp4,86,54,ok
D:\deep_learning_datasets\deep_learning\data\keypoints\t_0014.npy,t,25,t_0000012.mp4,82,45,ok
D:\deep_learning_datasets\deep_learning\data\keypoints\t_0015.npy,t,25,t_0000013.mp4,75,43,ok
D:\deep_learning_datasets\deep_learning\data\keypoints\t_0016.npy,t,25,t_0000014.mp4,80,49,ok
D:\deep_learning_datasets\deep_learning\data\keypoints\t_0017.npy,t,25,t_0000015.mp4,79,49,ok
D:\deep_learning_datasets\deep_learning\data\keypoints\t_0018.npy,t,25,t_0000016.mp4,84,51,ok
D:\deep_learning_datasets\deep_learning\data\keypoints\t_0019.npy,t,25,t_0000017.mp4,84,51,ok
D:\deep_learning_datasets\deep_learning\data\keypoints\t_0020.npy,t,25,t_0000018.mp4,93,58,ok
D:\deep_learning_datasets\deep_learning\data\keypoints\t_0021.npy,t,25,t_0000019.mp4,66,33,ok
D:\deep_learning_datasets\deep_learning\data\keypoints\t_0022.npy,t,25,t_000002.mp4,36,22,ok
D:\deep_learning_datasets\deep_learning\data\keypoints\t_0023.npy,t,25,t_000003.mp4,39,25,ok
D:\deep_learning_datasets\deep_learning\data\keypoints\t_0024.npy,t,25,t_000004.mp4,35,21,ok
D:\deep_learning_datasets\deep_learning\data\keypoints\t_0025.npy,t,25,t_000005.mp4,42,25,ok
D:\deep_learning_datasets\deep_learning\data\keypoints\t_0026.npy,t,25,t_000006.mp4,36,22,ok
D:\deep_learning_datasets\deep_learning\data\keypoints\t_0027.npy,t,25,t_000007.mp4,42,24,ok
D:\deep_learning_datasets\deep_learning\data\keypoints\t_0028.npy,t,25,t_000008.mp4,36,22,ok
D:\deep_learning_datasets\deep_learning\data\keypoints\t_0029.npy,t,25,t_000009.mp4,37,24,ok
D:\deep_learning_datasets\deep_learning\data\keypoints\t_0030.npy,t,25,t_00001.mp4,72,29,ok
D:\deep_learning_datasets\deep_learning\data\keypoints\t_0031.npy,t,25,t_000010.mp4,28,16,ok
D:\deep_learning_datasets\deep_learning\data\keypoints\t_0032.npy,t,25,t_000011.mp4,35,22,ok
D:\deep_learning_datasets\deep_learning\data\keypoints\t_0033.npy,t,25,t_000012.mp4,27,15,ok
D:\deep_learning_datasets\deep_learning\data\keypoints\t_0034.npy,t,25,t_000013.mp4,28,17,ok
D:\deep_learning_datasets\deep_learning\data\keypoints\t_0035.npy,t,25,t_000014.mp4,28,15,ok
D:\deep_learning_datasets\deep_learning\data\keypoints\t_0036.npy,t,25,t_000015.mp4,30,16,ok
D:\deep_learning_datasets\deep_learning\data\keypoints\t_0037.npy,t,25,t_000016.mp4,30,17,ok
D:\deep_learning_datasets\deep_learning\data\keypoints\t_0038.npy,t,25,t_000017.mp4,31,18,ok
D:\deep_learning_datasets\deep_learning\data\keypoints\t_0039.npy,t,25,t_000018.mp4,29,18,ok
D:\deep_learning_datasets\deep_learning\data\keypoints\t_0040.npy,t,25,t_000019.mp4,30,19,ok
D:\deep_learning_datasets\deep_learning\data\keypoints\t_0041.npy,t,25,t_00002.mp4,52,28,ok
D:\deep_learning_datasets\deep_learning\data\keypoints\t_0042.npy,t,25,t_000020.mp4,29,18,ok
D:\deep_learning_datasets\deep_learning\data\keypoints\t_0043.npy,t,25,t_00003.mp4,44,23,ok
D:\deep_learning_datasets\deep_learning\data\keypoints\t_0044.npy,t,25,t_00004.mp4,70,36,ok
D:\deep_learning_datasets\deep_learning\data\keypoints\t_0045.npy,t,25,t_00005.mp4,72,48,ok
D:\deep_learning_datasets\deep_learning\data\keypoints\t_0046.npy,t,25,t_00006.mp4,50,25,ok
D:\deep_learning_datasets\deep_learning\data\keypoints\t_0047.npy,t,25,t_00007.mp4,71,42,ok
D:\deep_learning_datasets\deep_learning\data\keypoints\t_0048.npy,t,25,t_00008.mp4,46,25,ok
D:\deep_learning_datasets\deep_learning\data\keypoints\t_0049.npy,t,25,t_00009.mp4,66,40,ok
D:\deep_learning_datasets\deep_learning\data\keypoints\t_0050.npy,t,25,t_0001.mp4,77,66,ok
D:\deep_learning_datasets\deep_learning\data\keypoints\t_0051.npy,t,25,t_00010.mp4,64,38,ok
D:\deep_learning_datasets\deep_learning\data\keypoints\t_0052.npy,t,25,t_00011.mp4,43,22,ok
D:\deep_learning_datasets\deep_learning\data\keypoints\t_0053.npy,t,25,t_00012.mp4,42,24,ok
D:\deep_learning_datasets\deep_learning\data\keypoints\t_0054.npy,t,25,t_00013.mp4,65,39,ok
D:\deep_learning_datasets\deep_learning\data\keypoints\t_0055.npy,t,25,t_00014.mp4,66,40,ok
D:\deep_learning_datasets\deep_learning\data\keypoints\t_0056.npy,t,25,t_00015.mp4,51,28,ok
D:\deep_learning_datasets\deep_learning\data\keypoints\t_0057.npy,t,25,t_00016.mp4,66,41,ok
D:\deep_learning_datasets\deep_learning\data\keypoints\t_0058.npy,t,25,t_00017.mp4,57,37,ok
D:\deep_learning_datasets\deep_learning\data\keypoints\t_0059.npy,t,25,t_00018.mp4,73,53,ok
D:\deep_learning_datasets\deep_learning\data\keypoints\t_0060.npy,t,25,t_00019.mp4,92,57,ok
D:\deep_learning_datasets\deep_learning\data\keypoints\t_0061.npy,t,25,t_0002.mp4,77,66,ok
D:\deep_learning_datasets\deep_learning\data\keypoints\t_0062.npy,t,25,t_00020.mp4,80,50,ok
D:\deep_learning_datasets\deep_learning\data\keypoints\t_0063.npy,t,25,t_0003.mp4,76,56,ok
D:\deep_learning_datasets\deep_learning\data\keypoints\t_0064.npy,t,25,t_0004.mp4,76,60,ok
D:\deep_learning_datasets\deep_learning\data\keypoints\t_0065.npy,t,25,t_0005.mp4,76,65,ok
D:\deep_learning_datasets\deep_learning\data\keypoints\t_0066.npy,t,25,t_0006.mp4,77,70,ok
D:\deep_learning_datasets\deep_learning\data\keypoints\t_0067.npy,t,25,t_0007.mp4,76,63,ok
D:\deep_learning_datasets\deep_learning\data\keypoints\t_0068.npy,t,25,t_0008.mp4,76,61,ok
D:\deep_learning_datasets\deep_learning\data\keypoints\t_0069.npy,t,25,t_0009.mp4,78,48,ok
D:\deep_learning_datasets\deep_learning\data\keypoints\t_0070.npy,t,25,t_0010.mp4,77,48,ok
D:\deep_learning_datasets\deep_learning\data\keypoints\t_0071.npy,t,25,t_0011.mp4,76,47,ok
D:\deep_learning_datasets\deep_learning\data\keypoints\t_0072.npy,t,25,t_0012.mp4,76,44,ok
D:\deep_learning_datasets\deep_learning\data\keypoints\t_0073.npy,t,25,t_0013.mp4,77,39,ok
D:\deep_learning_datasets\deep_learning\data\keypoints\t_0074.npy,t,25,t_0014.mp4,77,58,ok
D:\deep_learning_datasets\deep_learning\data\keypoints\t_0075.npy,t,25,t_0015.mp4,76,49,ok
D:\deep_learning_datasets\deep_learning\data\keypoints\t_0076.npy,t,25,t_0016.mp4,76,61,ok
D:\deep_learning_datasets\deep_learning\data\keypoints\t_0077.npy,t,25,t_0017.mp4,76,57,ok
D:\deep_learning_datasets\deep_learning\data\keypoints\t_0078.npy,t,25,t_0018.mp4,77,48,ok
D:\deep_learning_datasets\deep_learning\data\keypoints\t_0079.npy,t,25,t_0019.mp4,77,54,ok
D:\deep_learning_datasets\deep_learning\data\keypoints\t_0080.npy,t,25,t_0020.mp4,76,56,ok
D:\deep_learning_datasets\deep_learning\data\keypoints\ten_la_0000.npy,ten_la,26,ten_la.mp4,160,127,ok
D:\deep_learning_datasets\deep_learning\data\keypoints\ten_la_0001.npy,ten_la,26,ten_la_000000.mp4,155,108,ok
D:\deep_learning_datasets\deep_learning\data\keypoints\ten_la_0002.npy,ten_la,26,ten_la_0000000.mp4,168,128,ok
D:\deep_learning_datasets\deep_learning\data\keypoints\ten_la_0003.npy,ten_la,26,ten_la_0000001.mp4,159,118,ok
D:\deep_learning_datasets\deep_learning\data\keypoints\ten_la_0004.npy,ten_la,26,ten_la_0000002.mp4,166,120,ok
D:\deep_learning_datasets\deep_learning\data\keypoints\ten_la_0005.npy,ten_la,26,ten_la_0000003.mp4,166,118,ok
D:\deep_learning_datasets\deep_learning\data\keypoints\ten_la_0006.npy,ten_la,26,ten_la_0000004.mp4,169,130,ok
D:\deep_learning_datasets\deep_learning\data\keypoints\ten_la_0007.npy,ten_la,26,ten_la_0000005.mp4,180,133,ok
D:\deep_learning_datasets\deep_learning\data\keypoints\ten_la_0008.npy,ten_la,26,ten_la_0000006.mp4,169,123,ok
D:\deep_learning_datasets\deep_learning\data\keypoints\ten_la_0009.npy,ten_la,26,ten_la_0000007.mp4,167,118,ok
D:\deep_learning_datasets\deep_learning\data\keypoints\ten_la_0010.npy,ten_la,26,ten_la_0000008.mp4,158,116,ok
D:\deep_learning_datasets\deep_learning\data\keypoints\ten_la_0011.npy,ten_la,26,ten_la_0000009.mp4,155,109,ok
D:\deep_learning_datasets\deep_learning\data\keypoints\ten_la_0012.npy,ten_la,26,ten_la_000001.mp4,148,91,ok
D:\deep_learning_datasets\deep_learning\data\keypoints\ten_la_0013.npy,ten_la,26,ten_la_0000010.mp4,171,128,ok
D:\deep_learning_datasets\deep_learning\data\keypoints\ten_la_0014.npy,ten_la,26,ten_la_0000011.mp4,166,125,ok
D:\deep_learning_datasets\deep_learning\data\keypoints\ten_la_0015.npy,ten_la,26,ten_la_0000012.mp4,175,125,ok
D:\deep_learning_datasets\deep_learning\data\keypoints\ten_la_0016.npy,ten_la,26,ten_la_0000013.mp4,190,139,ok
D:\deep_learning_datasets\deep_learning\data\keypoints\ten_la_0017.npy,ten_la,26,ten_la_0000014.mp4,170,125,ok
D:\deep_learning_datasets\deep_learning\data\keypoints\ten_la_0018.npy,ten_la,26,ten_la_0000015.mp4,173,130,ok
D:\deep_learning_datasets\deep_learning\data\keypoints\ten_la_0019.npy,ten_la,26,ten_la_0000016.mp4,174,121,ok
D:\deep_learning_datasets\deep_learning\data\keypoints\ten_la_0020.npy,ten_la,26,ten_la_0000017.mp4,162,109,ok
D:\deep_learning_datasets\deep_learning\data\keypoints\ten_la_0021.npy,ten_la,26,ten_la_0000018.mp4,158,114,ok
D:\deep_learning_datasets\deep_learning\data\keypoints\ten_la_0022.npy,ten_la,26,ten_la_0000019.mp4,151,110,ok
D:\deep_learning_datasets\deep_learning\data\keypoints\ten_la_0023.npy,ten_la,26,ten_la_000002.mp4,159,115,ok
D:\deep_learning_datasets\deep_learning\data\keypoints\ten_la_0024.npy,ten_la,26,ten_la_000003.mp4,143,105,ok
D:\deep_learning_datasets\deep_learning\data\keypoints\ten_la_0025.npy,ten_la,26,ten_la_000004.mp4,148,109,ok
D:\deep_learning_datasets\deep_learning\data\keypoints\ten_la_0026.npy,ten_la,26,ten_la_000005.mp4,120,95,ok
D:\deep_learning_datasets\deep_learning\data\keypoints\ten_la_0027.npy,ten_la,26,ten_la_000006.mp4,133,81,ok
D:\deep_learning_datasets\deep_learning\data\keypoints\ten_la_0028.npy,ten_la,26,ten_la_000007.mp4,132,66,ok
D:\deep_learning_datasets\deep_learning\data\keypoints\ten_la_0029.npy,ten_la,26,ten_la_000008.mp4,123,62,ok
D:\deep_learning_datasets\deep_learning\data\keypoints\ten_la_0030.npy,ten_la,26,ten_la_000009.mp4,155,83,ok
D:\deep_learning_datasets\deep_learning\data\keypoints\ten_la_0031.npy,ten_la,26,ten_la_00001.mp4,166,90,ok
D:\deep_learning_datasets\deep_learning\data\keypoints\ten_la_0032.npy,ten_la,26,ten_la_000011.mp4,148,91,ok
D:\deep_learning_datasets\deep_learning\data\keypoints\ten_la_0033.npy,ten_la,26,ten_la_000012.mp4,159,115,ok
D:\deep_learning_datasets\deep_learning\data\keypoints\ten_la_0034.npy,ten_la,26,ten_la_000013.mp4,143,105,ok
D:\deep_learning_datasets\deep_learning\data\keypoints\ten_la_0035.npy,ten_la,26,ten_la_000014.mp4,148,109,ok
D:\deep_learning_datasets\deep_learning\data\keypoints\ten_la_0036.npy,ten_la,26,ten_la_000015.mp4,120,95,ok
D:\deep_learning_datasets\deep_learning\data\keypoints\ten_la_0037.npy,ten_la,26,ten_la_000016.mp4,133,81,ok
D:\deep_learning_datasets\deep_learning\data\keypoints\ten_la_0038.npy,ten_la,26,ten_la_000017.mp4,132,66,ok
D:\deep_learning_datasets\deep_learning\data\keypoints\ten_la_0039.npy,ten_la,26,ten_la_000018.mp4,123,62,ok
D:\deep_learning_datasets\deep_learning\data\keypoints\ten_la_0040.npy,ten_la,26,ten_la_000019.mp4,155,83,ok
D:\deep_learning_datasets\deep_learning\data\keypoints\ten_la_0041.npy,ten_la,26,ten_la_00002.mp4,182,104,ok
D:\deep_learning_datasets\deep_learning\data\keypoints\ten_la_0042.npy,ten_la,26,ten_la_000020.mp4,138,50,ok
D:\deep_learning_datasets\deep_learning\data\keypoints\ten_la_0043.npy,ten_la,26,ten_la_00003.mp4,174,103,ok
D:\deep_learning_datasets\deep_learning\data\keypoints\ten_la_0044.npy,ten_la,26,ten_la_00004.mp4,165,82,ok
D:\deep_learning_datasets\deep_learning\data\keypoints\ten_la_0045.npy,ten_la,26,ten_la_00005.mp4,148,79,ok
D:\deep_learning_datasets\deep_learning\data\keypoints\ten_la_0046.npy,ten_la,26,ten_la_00006.mp4,178,100,ok
D:\deep_learning_datasets\deep_learning\data\keypoints\ten_la_0047.npy,ten_la,26,ten_la_00007.mp4,161,93,ok
D:\deep_learning_datasets\deep_learning\data\keypoints\ten_la_0048.npy,ten_la,26,ten_la_00008.mp4,152,101,ok
D:\deep_learning_datasets\deep_learning\data\keypoints\ten_la_0049.npy,ten_la,26,ten_la_00009.mp4,158,85,ok
D:\deep_learning_datasets\deep_learning\data\keypoints\ten_la_0050.npy,ten_la,26,ten_la_0001.mp4,76,71,ok
D:\deep_learning_datasets\deep_learning\data\keypoints\ten_la_0051.npy,ten_la,26,ten_la_00010.mp4,163,94,ok
D:\deep_learning_datasets\deep_learning\data\keypoints\ten_la_0052.npy,ten_la,26,ten_la_00011.mp4,156,80,ok
D:\deep_learning_datasets\deep_learning\data\keypoints\ten_la_0053.npy,ten_la,26,ten_la_00012.mp4,157,85,ok
D:\deep_learning_datasets\deep_learning\data\keypoints\ten_la_0054.npy,ten_la,26,ten_la_00013.mp4,149,93,ok
D:\deep_learning_datasets\deep_learning\data\keypoints\ten_la_0055.npy,ten_la,26,ten_la_00014.mp4,141,82,ok
D:\deep_learning_datasets\deep_learning\data\keypoints\ten_la_0056.npy,ten_la,26,ten_la_00015.mp4,145,95,ok
D:\deep_learning_datasets\deep_learning\data\keypoints\ten_la_0057.npy,ten_la,26,ten_la_00016.mp4,169,92,ok
D:\deep_learning_datasets\deep_learning\data\keypoints\ten_la_0058.npy,ten_la,26,ten_la_00017.mp4,145,87,ok
D:\deep_learning_datasets\deep_learning\data\keypoints\ten_la_0059.npy,ten_la,26,ten_la_00018.mp4,137,73,ok
D:\deep_learning_datasets\deep_learning\data\keypoints\ten_la_0060.npy,ten_la,26,ten_la_00019.mp4,146,84,ok
D:\deep_learning_datasets\deep_learning\data\keypoints\ten_la_0061.npy,ten_la,26,ten_la_0002.mp4,76,71,ok
D:\deep_learning_datasets\deep_learning\data\keypoints\ten_la_0062.npy,ten_la,26,ten_la_00020.mp4,130,76,ok
D:\deep_learning_datasets\deep_learning\data\keypoints\ten_la_0063.npy,ten_la,26,ten_la_0003.mp4,75,73,ok
D:\deep_learning_datasets\deep_learning\data\keypoints\ten_la_0064.npy,ten_la,26,ten_la_0004.mp4,76,75,ok
D:\deep_learning_datasets\deep_learning\data\keypoints\ten_la_0065.npy,ten_la,26,ten_la_0005.mp4,76,74,ok
D:\deep_learning_datasets\deep_learning\data\keypoints\ten_la_0066.npy,ten_la,26,ten_la_0006.mp4,76,67,ok
D:\deep_learning_datasets\deep_learning\data\keypoints\ten_la_0067.npy,ten_la,26,ten_la_0007.mp4,77,77,ok
D:\deep_learning_datasets\deep_learning\data\keypoints\ten_la_0068.npy,ten_la,26,ten_la_0008.mp4,77,69,ok
D:\deep_learning_datasets\deep_learning\data\keypoints\ten_la_0069.npy,ten_la,26,ten_la_0009.mp4,76,73,ok
D:\deep_learning_datasets\deep_learning\data\keypoints\ten_la_0070.npy,ten_la,26,ten_la_0010.mp4,76,73,ok
D:\deep_learning_datasets\deep_learning\data\keypoints\ten_la_0071.npy,ten_la,26,ten_la_0011.mp4,77,62,ok
D:\deep_learning_datasets\deep_learning\data\keypoints\ten_la_0072.npy,ten_la,26,ten_la_0012.mp4,77,77,ok
D:\deep_learning_datasets\deep_learning\data\keypoints\ten_la_0073.npy,ten_la,26,ten_la_0013.mp4,76,58,ok
D:\deep_learning_datasets\deep_learning\data\keypoints\ten_la_0074.npy,ten_la,26,ten_la_0014.mp4,76,63,ok
D:\deep_learning_datasets\deep_learning\data\keypoints\ten_la_0075.npy,ten_la,26,ten_la_0015.mp4,77,65,ok
D:\deep_learning_datasets\deep_learning\data\keypoints\ten_la_0076.npy,ten_la,26,ten_la_0016.mp4,77,68,ok
D:\deep_learning_datasets\deep_learning\data\keypoints\ten_la_0077.npy,ten_la,26,ten_la_0017.mp4,77,67,ok
D:\deep_learning_datasets\deep_learning\data\keypoints\ten_la_0078.npy,ten_la,26,ten_la_0018.mp4,76,69,ok
D:\deep_learning_datasets\deep_learning\data\keypoints\ten_la_0079.npy,ten_la,26,ten_la_0019.mp4,76,60,ok
D:\deep_learning_datasets\deep_learning\data\keypoints\ten_la_0080.npy,ten_la,26,ten_la_0020.mp4,76,67,ok
D:\deep_learning_datasets\deep_learning\data\keypoints\toi_0000.npy,toi,27,toi.mp4,78,54,ok
D:\deep_learning_datasets\deep_learning\data\keypoints\toi_0001.npy,toi,27,toi_0000000.mp4,96,74,ok
D:\deep_learning_datasets\deep_learning\data\keypoints\toi_0002.npy,toi,27,toi_0000001.mp4,124,86,ok
D:\deep_learning_datasets\deep_learning\data\keypoints\toi_0003.npy,toi,27,toi_0000002.mp4,90,68,ok
D:\deep_learning_datasets\deep_learning\data\keypoints\toi_0004.npy,toi,27,toi_0000003.mp4,106,62,ok
D:\deep_learning_datasets\deep_learning\data\keypoints\toi_0005.npy,toi,27,toi_0000004.mp4,86,67,ok
D:\deep_learning_datasets\deep_learning\data\keypoints\toi_0006.npy,toi,27,toi_0000005.mp4,101,80,ok
D:\deep_learning_datasets\deep_learning\data\keypoints\toi_0007.npy,toi,27,toi_0000006.mp4,114,68,ok
D:\deep_learning_datasets\deep_learning\data\keypoints\toi_0008.npy,toi,27,toi_0000007.mp4,109,81,ok
D:\deep_learning_datasets\deep_learning\data\keypoints\toi_0009.npy,toi,27,toi_0000008.mp4,80,61,ok
D:\deep_learning_datasets\deep_learning\data\keypoints\toi_0010.npy,toi,27,toi_0000009.mp4,97,74,ok
D:\deep_learning_datasets\deep_learning\data\keypoints\toi_0011.npy,toi,27,toi_000001.mp4,87,0,no_hand_detected
D:\deep_learning_datasets\deep_learning\data\keypoints\toi_0012.npy,toi,27,toi_0000010.mp4,82,44,ok
D:\deep_learning_datasets\deep_learning\data\keypoints\toi_0013.npy,toi,27,toi_0000011.mp4,93,71,ok
D:\deep_learning_datasets\deep_learning\data\keypoints\toi_0014.npy,toi,27,toi_0000012.mp4,91,70,ok
D:\deep_learning_datasets\deep_learning\data\keypoints\toi_0015.npy,toi,27,toi_0000013.mp4,94,71,ok
D:\deep_learning_datasets\deep_learning\data\keypoints\toi_0016.npy,toi,27,toi_0000014.mp4,97,76,ok
D:\deep_learning_datasets\deep_learning\data\keypoints\toi_0017.npy,toi,27,toi_0000015.mp4,91,71,ok
D:\deep_learning_datasets\deep_learning\data\keypoints\toi_0018.npy,toi,27,toi_0000016.mp4,102,78,ok
D:\deep_learning_datasets\deep_learning\data\keypoints\toi_0019.npy,toi,27,toi_0000017.mp4,90,69,ok
D:\deep_learning_datasets\deep_learning\data\keypoints\toi_0020.npy,toi,27,toi_0000018.mp4,87,67,ok
D:\deep_learning_datasets\deep_learning\data\keypoints\toi_0021.npy,toi,27,toi_0000019.mp4,87,68,ok
D:\deep_learning_datasets\deep_learning\data\keypoints\toi_0022.npy,toi,27,toi_000002.mp4,81,0,no_hand_detected
D:\deep_learning_datasets\deep_learning\data\keypoints\toi_0023.npy,toi,27,toi_000003.mp4,99,0,no_hand_detected
D:\deep_learning_datasets\deep_learning\data\keypoints\toi_0024.npy,toi,27,toi_000004.mp4,93,21,ok
D:\deep_learning_datasets\deep_learning\data\keypoints\toi_0025.npy,toi,27,toi_000005.mp4,79,0,no_hand_detected
D:\deep_learning_datasets\deep_learning\data\keypoints\toi_0026.npy,toi,27,toi_000006.mp4,84,0,no_hand_detected
D:\deep_learning_datasets\deep_learning\data\keypoints\toi_0027.npy,toi,27,toi_000007.mp4,76,15,ok
D:\deep_learning_datasets\deep_learning\data\keypoints\toi_0028.npy,toi,27,toi_000008.mp4,84,19,ok
D:\deep_learning_datasets\deep_learning\data\keypoints\toi_0029.npy,toi,27,toi_000009.mp4,76,18,ok
D:\deep_learning_datasets\deep_learning\data\keypoints\toi_0030.npy,toi,27,toi_00001.mp4,58,36,ok
D:\deep_learning_datasets\deep_learning\data\keypoints\toi_0031.npy,toi,27,toi_000010.mp4,75,0,no_hand_detected
D:\deep_learning_datasets\deep_learning\data\keypoints\toi_0032.npy,toi,27,toi_000011.mp4,72,3,ok
D:\deep_learning_datasets\deep_learning\data\keypoints\toi_0033.npy,toi,27,toi_000012.mp4,75,0,no_hand_detected
D:\deep_learning_datasets\deep_learning\data\keypoints\toi_0034.npy,toi,27,toi_000013.mp4,72,0,no_hand_detected
D:\deep_learning_datasets\deep_learning\data\keypoints\toi_0035.npy,toi,27,toi_000014.mp4,72,0,no_hand_detected
D:\deep_learning_datasets\deep_learning\data\keypoints\toi_0036.npy,toi,27,toi_000015.mp4,75,0,no_hand_detected
D:\deep_learning_datasets\deep_learning\data\keypoints\toi_0037.npy,toi,27,toi_000016.mp4,75,0,no_hand_detected
D:\deep_learning_datasets\deep_learning\data\keypoints\toi_0038.npy,toi,27,toi_000017.mp4,75,0,no_hand_detected
D:\deep_learning_datasets\deep_learning\data\keypoints\toi_0039.npy,toi,27,toi_000018.mp4,71,0,no_hand_detected
D:\deep_learning_datasets\deep_learning\data\keypoints\toi_0040.npy,toi,27,toi_000019.mp4,71,15,ok
D:\deep_learning_datasets\deep_learning\data\keypoints\toi_0041.npy,toi,27,toi_00002.mp4,58,35,ok
D:\deep_learning_datasets\deep_learning\data\keypoints\toi_0042.npy,toi,27,toi_000020.mp4,73,5,ok
D:\deep_learning_datasets\deep_learning\data\keypoints\toi_0043.npy,toi,27,toi_00003.mp4,78,39,ok
D:\deep_learning_datasets\deep_learning\data\keypoints\toi_0044.npy,toi,27,toi_00004.mp4,32,10,ok
D:\deep_learning_datasets\deep_learning\data\keypoints\toi_0045.npy,toi,27,toi_00005.mp4,42,12,ok
D:\deep_learning_datasets\deep_learning\data\keypoints\toi_0046.npy,toi,27,toi_00006.mp4,50,42,ok
D:\deep_learning_datasets\deep_learning\data\keypoints\toi_0047.npy,toi,27,toi_00007.mp4,88,64,ok
D:\deep_learning_datasets\deep_learning\data\keypoints\toi_0048.npy,toi,27,toi_00008.mp4,77,55,ok
D:\deep_learning_datasets\deep_learning\data\keypoints\toi_0049.npy,toi,27,toi_00009.mp4,75,52,ok
D:\deep_learning_datasets\deep_learning\data\keypoints\toi_0050.npy,toi,27,toi_0001.mp4,76,62,ok
D:\deep_learning_datasets\deep_learning\data\keypoints\toi_0051.npy,toi,27,toi_00010.mp4,79,52,ok
D:\deep_learning_datasets\deep_learning\data\keypoints\toi_0052.npy,toi,27,toi_00011.mp4,65,40,ok
D:\deep_learning_datasets\deep_learning\data\keypoints\toi_0053.npy,toi,27,toi_00012.mp4,67,43,ok
D:\deep_learning_datasets\deep_learning\data\keypoints\toi_0054.npy,toi,27,toi_00013.mp4,99,53,ok
D:\deep_learning_datasets\deep_learning\data\keypoints\toi_0055.npy,toi,27,toi_00014.mp4,82,66,ok
D:\deep_learning_datasets\deep_learning\data\keypoints\toi_0056.npy,toi,27,toi_00015.mp4,100,52,ok
D:\deep_learning_datasets\deep_learning\data\keypoints\toi_0057.npy,toi,27,toi_00016.mp4,90,62,ok
D:\deep_learning_datasets\deep_learning\data\keypoints\toi_0058.npy,toi,27,toi_00017.mp4,87,47,ok
D:\deep_learning_datasets\deep_learning\data\keypoints\toi_0059.npy,toi,27,toi_00018.mp4,103,81,ok
D:\deep_learning_datasets\deep_learning\data\keypoints\toi_0060.npy,toi,27,toi_00019.mp4,100,57,ok
D:\deep_learning_datasets\deep_learning\data\keypoints\toi_0061.npy,toi,27,toi_0002.mp4,76,62,ok
D:\deep_learning_datasets\deep_learning\data\keypoints\toi_0062.npy,toi,27,toi_00020.mp4,86,73,ok
D:\deep_learning_datasets\deep_learning\data\keypoints\toi_0063.npy,toi,27,toi_0003.mp4,77,57,ok
D:\deep_learning_datasets\deep_learning\data\keypoints\toi_0064.npy,toi,27,toi_0004.mp4,76,64,ok
D:\deep_learning_datasets\deep_learning\data\keypoints\toi_0065.npy,toi,27,toi_0005.mp4,77,65,ok
D:\deep_learning_datasets\deep_learning\data\keypoints\toi_0066.npy,toi,27,toi_0006.mp4,76,58,ok
D:\deep_learning_datasets\deep_learning\data\keypoints\toi_0067.npy,toi,27,toi_0007.mp4,77,63,ok
D:\deep_learning_datasets\deep_learning\data\keypoints\toi_0068.npy,toi,27,toi_0008.mp4,76,56,ok
D:\deep_learning_datasets\deep_learning\data\keypoints\toi_0069.npy,toi,27,toi_0009.mp4,77,50,ok
D:\deep_learning_datasets\deep_learning\data\keypoints\toi_0070.npy,toi,27,toi_0010.mp4,76,57,ok
D:\deep_learning_datasets\deep_learning\data\keypoints\toi_0071.npy,toi,27,toi_0011.mp4,77,61,ok
D:\deep_learning_datasets\deep_learning\data\keypoints\toi_0072.npy,toi,27,toi_0012.mp4,77,57,ok
D:\deep_learning_datasets\deep_learning\data\keypoints\toi_0073.npy,toi,27,toi_0013.mp4,76,55,ok
D:\deep_learning_datasets\deep_learning\data\keypoints\toi_0074.npy,toi,27,toi_0014.mp4,76,54,ok
D:\deep_learning_datasets\deep_learning\data\keypoints\toi_0075.npy,toi,27,toi_0015.mp4,77,54,ok
D:\deep_learning_datasets\deep_learning\data\keypoints\toi_0076.npy,toi,27,toi_0016.mp4,76,50,ok
D:\deep_learning_datasets\deep_learning\data\keypoints\toi_0077.npy,toi,27,toi_0017.mp4,76,55,ok
D:\deep_learning_datasets\deep_learning\data\keypoints\toi_0078.npy,toi,27,toi_0018.mp4,76,58,ok
D:\deep_learning_datasets\deep_learning\data\keypoints\toi_0079.npy,toi,27,toi_0019.mp4,75,58,ok
D:\deep_learning_datasets\deep_learning\data\keypoints\toi_0080.npy,toi,27,toi_0020.mp4,77,59,ok
D:\deep_learning_datasets\deep_learning\data\keypoints\u_0000.npy,u,28,D0514.mp4,77,35,ok
D:\deep_learning_datasets\deep_learning\data\keypoints\u_0001.npy,u,28,u_0000000.mp4,62,36,ok
D:\deep_learning_datasets\deep_learning\data\keypoints\u_0002.npy,u,28,u_0000001.mp4,62,40,ok
D:\deep_learning_datasets\deep_learning\data\keypoints\u_0003.npy,u,28,u_0000002.mp4,68,45,ok
D:\deep_learning_datasets\deep_learning\data\keypoints\u_0004.npy,u,28,u_0000003.mp4,71,43,ok
D:\deep_learning_datasets\deep_learning\data\keypoints\u_0005.npy,u,28,u_0000004.mp4,62,39,ok
D:\deep_learning_datasets\deep_learning\data\keypoints\u_0006.npy,u,28,u_0000005.mp4,66,39,ok
D:\deep_learning_datasets\deep_learning\data\keypoints\u_0007.npy,u,28,u_0000006.mp4,63,37,ok
D:\deep_learning_datasets\deep_learning\data\keypoints\u_0008.npy,u,28,u_0000007.mp4,59,31,ok
D:\deep_learning_datasets\deep_learning\data\keypoints\u_0009.npy,u,28,u_0000008.mp4,62,37,ok
D:\deep_learning_datasets\deep_learning\data\keypoints\u_0010.npy,u,28,u_0000009.mp4,75,47,ok
D:\deep_learning_datasets\deep_learning\data\keypoints\u_0011.npy,u,28,u_000001.mp4,36,13,ok
D:\deep_learning_datasets\deep_learning\data\keypoints\u_0012.npy,u,28,u_0000010.mp4,81,49,ok
D:\deep_learning_datasets\deep_learning\data\keypoints\u_0013.npy,u,28,u_0000011.mp4,69,38,ok
D:\deep_learning_datasets\deep_learning\data\keypoints\u_0014.npy,u,28,u_0000012.mp4,71,42,ok
D:\deep_learning_datasets\deep_learning\data\keypoints\u_0015.npy,u,28,u_0000013.mp4,69,43,ok
D:\deep_learning_datasets\deep_learning\data\keypoints\u_0016.npy,u,28,u_0000014.mp4,72,43,ok
D:\deep_learning_datasets\deep_learning\data\keypoints\u_0017.npy,u,28,u_0000015.mp4,73,44,ok
D:\deep_learning_datasets\deep_learning\data\keypoints\u_0018.npy,u,28,u_0000016.mp4,69,41,ok
D:\deep_learning_datasets\deep_learning\data\keypoints\u_0019.npy,u,28,u_0000017.mp4,67,36,ok
D:\deep_learning_datasets\deep_learning\data\keypoints\u_0020.npy,u,28,u_0000018.mp4,68,38,ok
D:\deep_learning_datasets\deep_learning\data\keypoints\u_0021.npy,u,28,u_0000019.mp4,68,36,ok
D:\deep_learning_datasets\deep_learning\data\keypoints\u_0022.npy,u,28,u_000002.mp4,36,12,ok
D:\deep_learning_datasets\deep_learning\data\keypoints\u_0023.npy,u,28,u_000003.mp4,42,14,ok
D:\deep_learning_datasets\deep_learning\data\keypoints\u_0024.npy,u,28,u_000004.mp4,41,13,ok
D:\deep_learning_datasets\deep_learning\data\keypoints\u_0025.npy,u,28,u_000005.mp4,45,10,ok
D:\deep_learning_datasets\deep_learning\data\keypoints\u_0026.npy,u,28,u_000006.mp4,42,18,ok
D:\deep_learning_datasets\deep_learning\data\keypoints\u_0027.npy,u,28,u_000007.mp4,42,18,ok
D:\deep_learning_datasets\deep_learning\data\keypoints\u_0028.npy,u,28,u_000008.mp4,36,4,ok
D:\deep_learning_datasets\deep_learning\data\keypoints\u_0029.npy,u,28,u_000009.mp4,36,4,ok
D:\deep_learning_datasets\deep_learning\data\keypoints\u_0030.npy,u,28,u_00001.mp4,39,23,ok
D:\deep_learning_datasets\deep_learning\data\keypoints\u_0031.npy,u,28,u_000010.mp4,37,8,ok
D:\deep_learning_datasets\deep_learning\data\keypoints\u_0032.npy,u,28,u_000011.mp4,33,10,ok
D:\deep_learning_datasets\deep_learning\data\keypoints\u_0033.npy,u,28,u_000012.mp4,36,13,ok
D:\deep_learning_datasets\deep_learning\data\keypoints\u_0034.npy,u,28,u_000013.mp4,33,16,ok
D:\deep_learning_datasets\deep_learning\data\keypoints\u_0035.npy,u,28,u_000014.mp4,33,5,ok
D:\deep_learning_datasets\deep_learning\data\keypoints\u_0036.npy,u,28,u_000015.mp4,34,8,ok
D:\deep_learning_datasets\deep_learning\data\keypoints\u_0037.npy,u,28,u_000016.mp4,36,9,ok
D:\deep_learning_datasets\deep_learning\data\keypoints\u_0038.npy,u,28,u_000017.mp4,31,11,ok
D:\deep_learning_datasets\deep_learning\data\keypoints\u_0039.npy,u,28,u_000018.mp4,33,13,ok
D:\deep_learning_datasets\deep_learning\data\keypoints\u_0040.npy,u,28,u_000019.mp4,32,10,ok
D:\deep_learning_datasets\deep_learning\data\keypoints\u_0041.npy,u,28,u_00002.mp4,45,27,ok
D:\deep_learning_datasets\deep_learning\data\keypoints\u_0042.npy,u,28,u_000020.mp4,34,11,ok
D:\deep_learning_datasets\deep_learning\data\keypoints\u_0043.npy,u,28,u_00003.mp4,38,23,ok
D:\deep_learning_datasets\deep_learning\data\keypoints\u_0044.npy,u,28,u_00004.mp4,42,25,ok
D:\deep_learning_datasets\deep_learning\data\keypoints\u_0045.npy,u,28,u_00005.mp4,44,25,ok
D:\deep_learning_datasets\deep_learning\data\keypoints\u_0046.npy,u,28,u_00006.mp4,45,24,ok
D:\deep_learning_datasets\deep_learning\data\keypoints\u_0047.npy,u,28,u_00007.mp4,47,27,ok
D:\deep_learning_datasets\deep_learning\data\keypoints\u_0048.npy,u,28,u_00008.mp4,50,30,ok
D:\deep_learning_datasets\deep_learning\data\keypoints\u_0049.npy,u,28,u_00009.mp4,42,27,ok
D:\deep_learning_datasets\deep_learning\data\keypoints\u_0050.npy,u,28,u_0001.mp4,77,54,ok
D:\deep_learning_datasets\deep_learning\data\keypoints\u_0051.npy,u,28,u_00010.mp4,44,25,ok
D:\deep_learning_datasets\deep_learning\data\keypoints\u_0052.npy,u,28,u_00011.mp4,44,25,ok
D:\deep_learning_datasets\deep_learning\data\keypoints\u_0053.npy,u,28,u_00012.mp4,52,30,ok
D:\deep_learning_datasets\deep_learning\data\keypoints\u_0054.npy,u,28,u_00013.mp4,68,36,ok
D:\deep_learning_datasets\deep_learning\data\keypoints\u_0055.npy,u,28,u_00014.mp4,26,26,ok
D:\deep_learning_datasets\deep_learning\data\keypoints\u_0056.npy,u,28,u_00015.mp4,48,29,ok
D:\deep_learning_datasets\deep_learning\data\keypoints\u_0057.npy,u,28,u_00016.mp4,50,33,ok
D:\deep_learning_datasets\deep_learning\data\keypoints\u_0058.npy,u,28,u_00017.mp4,47,26,ok
D:\deep_learning_datasets\deep_learning\data\keypoints\u_0059.npy,u,28,u_00018.mp4,57,37,ok
D:\deep_learning_datasets\deep_learning\data\keypoints\u_0060.npy,u,28,u_00019.mp4,47,25,ok
D:\deep_learning_datasets\deep_learning\data\keypoints\u_0061.npy,u,28,u_0002.mp4,77,54,ok
D:\deep_learning_datasets\deep_learning\data\keypoints\u_0062.npy,u,28,u_00020.mp4,42,23,ok
D:\deep_learning_datasets\deep_learning\data\keypoints\u_0063.npy,u,28,u_0003.mp4,76,51,ok
D:\deep_learning_datasets\deep_learning\data\keypoints\u_0064.npy,u,28,u_0004.mp4,76,69,ok
D:\deep_learning_datasets\deep_learning\data\keypoints\u_0065.npy,u,28,u_0005.mp4,76,54,ok
D:\deep_learning_datasets\deep_learning\data\keypoints\u_0066.npy,u,28,u_0006.mp4,75,39,ok
D:\deep_learning_datasets\deep_learning\data\keypoints\u_0067.npy,u,28,u_0007.mp4,77,47,ok
D:\deep_learning_datasets\deep_learning\data\keypoints\u_0068.npy,u,28,u_0008.mp4,76,69,ok
D:\deep_learning_datasets\deep_learning\data\keypoints\u_0069.npy,u,28,u_0009.mp4,77,45,ok
D:\deep_learning_datasets\deep_learning\data\keypoints\u_0070.npy,u,28,u_0010.mp4,77,51,ok
D:\deep_learning_datasets\deep_learning\data\keypoints\u_0071.npy,u,28,u_0011.mp4,77,55,ok
D:\deep_learning_datasets\deep_learning\data\keypoints\u_0072.npy,u,28,u_0012.mp4,76,50,ok
D:\deep_learning_datasets\deep_learning\data\keypoints\u_0073.npy,u,28,u_0013.mp4,76,37,ok
D:\deep_learning_datasets\deep_learning\data\keypoints\u_0074.npy,u,28,u_0014.mp4,77,38,ok
D:\deep_learning_datasets\deep_learning\data\keypoints\u_0075.npy,u,28,u_0015.mp4,77,40,ok
D:\deep_learning_datasets\deep_learning\data\keypoints\u_0076.npy,u,28,u_0016.mp4,77,50,ok
D:\deep_learning_datasets\deep_learning\data\keypoints\u_0077.npy,u,28,u_0017.mp4,76,39,ok
D:\deep_learning_datasets\deep_learning\data\keypoints\u_0078.npy,u,28,u_0018.mp4,77,60,ok
D:\deep_learning_datasets\deep_learning\data\keypoints\u_0079.npy,u,28,u_0019.mp4,76,48,ok
D:\deep_learning_datasets\deep_learning\data\keypoints\u_0080.npy,u,28,u_0020.mp4,76,63,ok
D:\deep_learning_datasets\deep_learning\data\keypoints\uw_0000.npy,uw,29,D0515N.mp4,118,45,ok
D:\deep_learning_datasets\deep_learning\data\keypoints\uw_0001.npy,uw,29,uw_0000000.mp4,89,68,ok
D:\deep_learning_datasets\deep_learning\data\keypoints\uw_0002.npy,uw,29,uw_0000001.mp4,88,67,ok
D:\deep_learning_datasets\deep_learning\data\keypoints\uw_0003.npy,uw,29,uw_0000002.mp4,101,82,ok
D:\deep_learning_datasets\deep_learning\data\keypoints\uw_0004.npy,uw,29,uw_0000003.mp4,94,73,ok
D:\deep_learning_datasets\deep_learning\data\keypoints\uw_0005.npy,uw,29,uw_0000004.mp4,101,73,ok
D:\deep_learning_datasets\deep_learning\data\keypoints\uw_0006.npy,uw,29,uw_0000005.mp4,89,69,ok
D:\deep_learning_datasets\deep_learning\data\keypoints\uw_0007.npy,uw,29,uw_0000006.mp4,102,73,ok
D:\deep_learning_datasets\deep_learning\data\keypoints\uw_0008.npy,uw,29,uw_0000007.mp4,101,81,ok
D:\deep_learning_datasets\deep_learning\data\keypoints\uw_0009.npy,uw,29,uw_0000008.mp4,92,72,ok
D:\deep_learning_datasets\deep_learning\data\keypoints\uw_0010.npy,uw,29,uw_0000009.mp4,92,71,ok
D:\deep_learning_datasets\deep_learning\data\keypoints\uw_0011.npy,uw,29,uw_000001.mp4,79,51,ok
D:\deep_learning_datasets\deep_learning\data\keypoints\uw_0012.npy,uw,29,uw_0000010.mp4,100,78,ok
D:\deep_learning_datasets\deep_learning\data\keypoints\uw_0013.npy,uw,29,uw_0000011.mp4,95,76,ok
D:\deep_learning_datasets\deep_learning\data\keypoints\uw_0014.npy,uw,29,uw_0000012.mp4,95,72,ok
D:\deep_learning_datasets\deep_learning\data\keypoints\uw_0015.npy,uw,29,uw_0000013.mp4,100,80,ok
D:\deep_learning_datasets\deep_learning\data\keypoints\uw_0016.npy,uw,29,uw_0000014.mp4,96,74,ok
D:\deep_learning_datasets\deep_learning\data\keypoints\uw_0017.npy,uw,29,uw_0000015.mp4,107,85,ok
D:\deep_learning_datasets\deep_learning\data\keypoints\uw_0018.npy,uw,29,uw_0000016.mp4,103,79,ok
D:\deep_learning_datasets\deep_learning\data\keypoints\uw_0019.npy,uw,29,uw_0000017.mp4,105,85,ok
D:\deep_learning_datasets\deep_learning\data\keypoints\uw_0020.npy,uw,29,uw_0000018.mp4,85,63,ok
D:\deep_learning_datasets\deep_learning\data\keypoints\uw_0021.npy,uw,29,uw_0000019.mp4,104,85,ok
D:\deep_learning_datasets\deep_learning\data\keypoints\uw_0022.npy,uw,29,uw_000002.mp4,60,36,ok
D:\deep_learning_datasets\deep_learning\data\keypoints\uw_0023.npy,uw,29,uw_000003.mp4,55,35,ok
D:\deep_learning_datasets\deep_learning\data\keypoints\uw_0024.npy,uw,29,uw_000004.mp4,55,32,ok
D:\deep_learning_datasets\deep_learning\data\keypoints\uw_0025.npy,uw,29,uw_000005.mp4,57,32,ok
D:\deep_learning_datasets\deep_learning\data\keypoints\uw_0026.npy,uw,29,uw_000006.mp4,55,25,ok
D:\deep_learning_datasets\deep_learning\data\keypoints\uw_0027.npy,uw,29,uw_000007.mp4,58,32,ok
D:\deep_learning_datasets\deep_learning\data\keypoints\uw_0028.npy,uw,29,uw_000008.mp4,52,34,ok
D:\deep_learning_datasets\deep_learning\data\keypoints\uw_0029.npy,uw,29,uw_000009.mp4,51,23,ok
D:\deep_learning_datasets\deep_learning\data\keypoints\uw_0030.npy,uw,29,uw_00001.mp4,63,43,ok
D:\deep_learning_datasets\deep_learning\data\keypoints\uw_0031.npy,uw,29,uw_000010.mp4,55,31,ok
D:\deep_learning_datasets\deep_learning\data\keypoints\uw_0032.npy,uw,29,uw_000011.mp4,52,34,ok
D:\deep_learning_datasets\deep_learning\data\keypoints\uw_0033.npy,uw,29,uw_000012.mp4,57,37,ok
D:\deep_learning_datasets\deep_learning\data\keypoints\uw_0034.npy,uw,29,uw_000013.mp4,48,35,ok
D:\deep_learning_datasets\deep_learning\data\keypoints\uw_0035.npy,uw,29,uw_000014.mp4,50,33,ok
D:\deep_learning_datasets\deep_learning\data\keypoints\uw_0036.npy,uw,29,uw_000015.mp4,48,34,ok
D:\deep_learning_datasets\deep_learning\data\keypoints\uw_0037.npy,uw,29,uw_000016.mp4,43,10,ok
D:\deep_learning_datasets\deep_learning\data\keypoints\uw_0038.npy,uw,29,uw_000017.mp4,48,26,ok
D:\deep_learning_datasets\deep_learning\data\keypoints\uw_0039.npy,uw,29,uw_000018.mp4,48,24,ok
D:\deep_learning_datasets\deep_learning\data\keypoints\uw_0040.npy,uw,29,uw_000019.mp4,43,26,ok
D:\deep_learning_datasets\deep_learning\data\keypoints\uw_0041.npy,uw,29,uw_00002.mp4,64,41,ok
D:\deep_learning_datasets\deep_learning\data\keypoints\uw_0042.npy,uw,29,uw_000020.mp4,45,26,ok
D:\deep_learning_datasets\deep_learning\data\keypoints\uw_0043.npy,uw,29,uw_00003.mp4,64,43,ok
D:\deep_learning_datasets\deep_learning\data\keypoints\uw_0044.npy,uw,29,uw_00004.mp4,77,56,ok
D:\deep_learning_datasets\deep_learning\data\keypoints\uw_0045.npy,uw,29,uw_00005.mp4,65,43,ok
D:\deep_learning_datasets\deep_learning\data\keypoints\uw_0046.npy,uw,29,uw_00006.mp4,89,67,ok
D:\deep_learning_datasets\deep_learning\data\keypoints\uw_0047.npy,uw,29,uw_00007.mp4,78,57,ok
D:\deep_learning_datasets\deep_learning\data\keypoints\uw_0048.npy,uw,29,uw_00008.mp4,69,49,ok
D:\deep_learning_datasets\deep_learning\data\keypoints\uw_0049.npy,uw,29,uw_00009.mp4,70,48,ok
D:\deep_learning_datasets\deep_learning\data\keypoints\uw_0050.npy,uw,29,uw_0001.mp4,76,62,ok
D:\deep_learning_datasets\deep_learning\data\keypoints\uw_0051.npy,uw,29,uw_00010.mp4,73,53,ok
D:\deep_learning_datasets\deep_learning\data\keypoints\uw_0052.npy,uw,29,uw_00011.mp4,75,54,ok
D:\deep_learning_datasets\deep_learning\data\keypoints\uw_0053.npy,uw,29,uw_00012.mp4,73,52,ok
D:\deep_learning_datasets\deep_learning\data\keypoints\uw_0054.npy,uw,29,uw_00013.mp4,81,59,ok
D:\deep_learning_datasets\deep_learning\data\keypoints\uw_0055.npy,uw,29,uw_00014.mp4,79,56,ok
D:\deep_learning_datasets\deep_learning\data\keypoints\uw_0056.npy,uw,29,uw_00015.mp4,76,55,ok
D:\deep_learning_datasets\deep_learning\data\keypoints\uw_0057.npy,uw,29,uw_00016.mp4,86,65,ok
D:\deep_learning_datasets\deep_learning\data\keypoints\uw_0058.npy,uw,29,uw_00017.mp4,78,59,ok
D:\deep_learning_datasets\deep_learning\data\keypoints\uw_0059.npy,uw,29,uw_00018.mp4,78,60,ok
D:\deep_learning_datasets\deep_learning\data\keypoints\uw_0060.npy,uw,29,uw_00019.mp4,75,51,ok
D:\deep_learning_datasets\deep_learning\data\keypoints\uw_0061.npy,uw,29,uw_0002.mp4,76,62,ok
D:\deep_learning_datasets\deep_learning\data\keypoints\uw_0062.npy,uw,29,uw_00020.mp4,90,66,ok
D:\deep_learning_datasets\deep_learning\data\keypoints\uw_0063.npy,uw,29,uw_0003.mp4,75,66,ok
D:\deep_learning_datasets\deep_learning\data\keypoints\uw_0064.npy,uw,29,uw_0004.mp4,77,64,ok
D:\deep_learning_datasets\deep_learning\data\keypoints\uw_0065.npy,uw,29,uw_0005.mp4,76,58,ok
D:\deep_learning_datasets\deep_learning\data\keypoints\uw_0066.npy,uw,29,uw_0006.mp4,77,55,ok
D:\deep_learning_datasets\deep_learning\data\keypoints\uw_0067.npy,uw,29,uw_0007.mp4,77,57,ok
D:\deep_learning_datasets\deep_learning\data\keypoints\uw_0068.npy,uw,29,uw_0008.mp4,76,56,ok
D:\deep_learning_datasets\deep_learning\data\keypoints\uw_0069.npy,uw,29,uw_0009.mp4,76,66,ok
D:\deep_learning_datasets\deep_learning\data\keypoints\uw_0070.npy,uw,29,uw_0010.mp4,77,75,ok
D:\deep_learning_datasets\deep_learning\data\keypoints\uw_0071.npy,uw,29,uw_0011.mp4,77,67,ok
D:\deep_learning_datasets\deep_learning\data\keypoints\uw_0072.npy,uw,29,uw_0012.mp4,77,73,ok
D:\deep_learning_datasets\deep_learning\data\keypoints\uw_0073.npy,uw,29,uw_0013.mp4,76,69,ok
D:\deep_learning_datasets\deep_learning\data\keypoints\uw_0074.npy,uw,29,uw_0014.mp4,77,57,ok
D:\deep_learning_datasets\deep_learning\data\keypoints\uw_0075.npy,uw,29,uw_0015.mp4,76,54,ok
D:\deep_learning_datasets\deep_learning\data\keypoints\uw_0076.npy,uw,29,uw_0016.mp4,77,68,ok
D:\deep_learning_datasets\deep_learning\data\keypoints\uw_0077.npy,uw,29,uw_0017.mp4,74,62,ok
D:\deep_learning_datasets\deep_learning\data\keypoints\uw_0078.npy,uw,29,uw_0018.mp4,76,69,ok
D:\deep_learning_datasets\deep_learning\data\keypoints\uw_0079.npy,uw,29,uw_0019.mp4,76,65,ok
D:\deep_learning_datasets\deep_learning\data\keypoints\uw_0080.npy,uw,29,uw_0020.mp4,77,68,ok
D:\deep_learning_datasets\deep_learning\data\keypoints\v_0000.npy,v,30,D0516.mp4,63,34,ok
D:\deep_learning_datasets\deep_learning\data\keypoints\v_0001.npy,v,30,v_0000000.mp4,53,33,ok
D:\deep_learning_datasets\deep_learning\data\keypoints\v_0002.npy,v,30,v_0000001.mp4,61,39,ok
D:\deep_learning_datasets\deep_learning\data\keypoints\v_0003.npy,v,30,v_0000002.mp4,70,43,ok
D:\deep_learning_datasets\deep_learning\data\keypoints\v_0004.npy,v,30,v_0000003.mp4,56,28,ok
D:\deep_learning_datasets\deep_learning\data\keypoints\v_0005.npy,v,30,v_0000004.mp4,73,47,ok
D:\deep_learning_datasets\deep_learning\data\keypoints\v_0006.npy,v,30,v_0000005.mp4,68,41,ok
D:\deep_learning_datasets\deep_learning\data\keypoints\v_0007.npy,v,30,v_0000006.mp4,75,47,ok
D:\deep_learning_datasets\deep_learning\data\keypoints\v_0008.npy,v,30,v_0000007.mp4,66,42,ok
D:\deep_learning_datasets\deep_learning\data\keypoints\v_0009.npy,v,30,v_0000008.mp4,53,32,ok
D:\deep_learning_datasets\deep_learning\data\keypoints\v_0010.npy,v,30,v_0000009.mp4,52,31,ok
D:\deep_learning_datasets\deep_learning\data\keypoints\v_0011.npy,v,30,v_000001.mp4,30,11,ok
D:\deep_learning_datasets\deep_learning\data\keypoints\v_0012.npy,v,30,v_0000010.mp4,38,19,ok
D:\deep_learning_datasets\deep_learning\data\keypoints\v_0013.npy,v,30,v_0000011.mp4,48,26,ok
D:\deep_learning_datasets\deep_learning\data\keypoints\v_0014.npy,v,30,v_0000012.mp4,50,29,ok
D:\deep_learning_datasets\deep_learning\data\keypoints\v_0015.npy,v,30,v_0000013.mp4,50,30,ok
D:\deep_learning_datasets\deep_learning\data\keypoints\v_0016.npy,v,30,v_0000014.mp4,53,33,ok
D:\deep_learning_datasets\deep_learning\data\keypoints\v_0017.npy,v,30,v_0000015.mp4,42,24,ok
D:\deep_learning_datasets\deep_learning\data\keypoints\v_0018.npy,v,30,v_0000016.mp4,47,31,ok
D:\deep_learning_datasets\deep_learning\data\keypoints\v_0019.npy,v,30,v_0000017.mp4,49,27,ok
D:\deep_learning_datasets\deep_learning\data\keypoints\v_0020.npy,v,30,v_0000018.mp4,48,24,ok
D:\deep_learning_datasets\deep_learning\data\keypoints\v_0021.npy,v,30,v_0000019.mp4,52,34,ok
D:\deep_learning_datasets\deep_learning\data\keypoints\v_0022.npy,v,30,v_000002.mp4,33,16,ok
D:\deep_learning_datasets\deep_learning\data\keypoints\v_0023.npy,v,30,v_000003.mp4,27,13,ok
D:\deep_learning_datasets\deep_learning\data\keypoints\v_0024.npy,v,30,v_000004.mp4,27,13,ok
D:\deep_learning_datasets\deep_learning\data\keypoints\v_0025.npy,v,30,v_000005.mp4,27,4,ok
D:\deep_learning_datasets\deep_learning\data\keypoints\v_0026.npy,v,30,v_000006.mp4,27,10,ok
D:\deep_learning_datasets\deep_learning\data\keypoints\v_0027.npy,v,30,v_000007.mp4,29,11,ok
D:\deep_learning_datasets\deep_learning\data\keypoints\v_0028.npy,v,30,v_000008.mp4,27,3,ok
D:\deep_learning_datasets\deep_learning\data\keypoints\v_0029.npy,v,30,v_000009.mp4,29,7,ok
D:\deep_learning_datasets\deep_learning\data\keypoints\v_0030.npy,v,30,v_00001.mp4,40,25,ok
D:\deep_learning_datasets\deep_learning\data\keypoints\v_0031.npy,v,30,v_000010.mp4,29,0,no_hand_detected
D:\deep_learning_datasets\deep_learning\data\keypoints\v_0032.npy,v,30,v_000011.mp4,30,13,ok
D:\deep_learning_datasets\deep_learning\data\keypoints\v_0033.npy,v,30,v_000012.mp4,30,9,ok
D:\deep_learning_datasets\deep_learning\data\keypoints\v_0034.npy,v,30,v_000013.mp4,30,9,ok
D:\deep_learning_datasets\deep_learning\data\keypoints\v_0035.npy,v,30,v_000014.mp4,27,4,ok
D:\deep_learning_datasets\deep_learning\data\keypoints\v_0036.npy,v,30,v_000015.mp4,29,0,no_hand_detected
D:\deep_learning_datasets\deep_learning\data\keypoints\v_0037.npy,v,30,v_000016.mp4,27,0,no_hand_detected
D:\deep_learning_datasets\deep_learning\data\keypoints\v_0038.npy,v,30,v_000017.mp4,28,0,no_hand_detected
D:\deep_learning_datasets\deep_learning\data\keypoints\v_0039.npy,v,30,v_000018.mp4,29,0,no_hand_detected
D:\deep_learning_datasets\deep_learning\data\keypoints\v_0040.npy,v,30,v_000019.mp4,27,0,no_hand_detected
D:\deep_learning_datasets\deep_learning\data\keypoints\v_0041.npy,v,30,v_00002.mp4,48,29,ok
D:\deep_learning_datasets\deep_learning\data\keypoints\v_0042.npy,v,30,v_000020.mp4,29,4,ok
D:\deep_learning_datasets\deep_learning\data\keypoints\v_0043.npy,v,30,v_00003.mp4,38,22,ok
D:\deep_learning_datasets\deep_learning\data\keypoints\v_0044.npy,v,30,v_00004.mp4,46,36,ok
D:\deep_learning_datasets\deep_learning\data\keypoints\v_0045.npy,v,30,v_00005.mp4,48,29,ok
D:\deep_learning_datasets\deep_learning\data\keypoints\v_0046.npy,v,30,v_00006.mp4,30,27,ok
D:\deep_learning_datasets\deep_learning\data\keypoints\v_0047.npy,v,30,v_00007.mp4,32,29,ok
D:\deep_learning_datasets\deep_learning\data\keypoints\v_0048.npy,v,30,v_00008.mp4,36,18,ok
D:\deep_learning_datasets\deep_learning\data\keypoints\v_0049.npy,v,30,v_00009.mp4,35,18,ok
D:\deep_learning_datasets\deep_learning\data\keypoints\v_0050.npy,v,30,v_0001.mp4,76,41,ok
D:\deep_learning_datasets\deep_learning\data\keypoints\v_0051.npy,v,30,v_00010.mp4,36,18,ok
D:\deep_learning_datasets\deep_learning\data\keypoints\v_0052.npy,v,30,v_00011.mp4,46,23,ok
D:\deep_learning_datasets\deep_learning\data\keypoints\v_0053.npy,v,30,v_00012.mp4,52,49,ok
D:\deep_learning_datasets\deep_learning\data\keypoints\v_0054.npy,v,30,v_00013.mp4,55,35,ok
D:\deep_learning_datasets\deep_learning\data\keypoints\v_0055.npy,v,30,v_00014.mp4,56,34,ok
D:\deep_learning_datasets\deep_learning\data\keypoints\v_0056.npy,v,30,v_00015.mp4,33,25,ok
D:\deep_learning_datasets\deep_learning\data\keypoints\v_0057.npy,v,30,v_00016.mp4,29,23,ok
D:\deep_learning_datasets\deep_learning\data\keypoints\v_0058.npy,v,30,v_00017.mp4,38,25,ok
D:\deep_learning_datasets\deep_learning\data\keypoints\v_0059.npy,v,30,v_00018.mp4,29,19,ok
D:\deep_learning_datasets\deep_learning\data\keypoints\v_0060.npy,v,30,v_00019.mp4,36,18,ok
D:\deep_learning_datasets\deep_learning\data\keypoints\v_0061.npy,v,30,v_0002.mp4,76,41,ok
D:\deep_learning_datasets\deep_learning\data\keypoints\v_0062.npy,v,30,v_00020.mp4,38,17,ok
D:\deep_learning_datasets\deep_learning\data\keypoints\v_0063.npy,v,30,v_0003.mp4,77,43,ok
D:\deep_learning_datasets\deep_learning\data\keypoints\v_0064.npy,v,30,v_0004.mp4,76,42,ok
D:\deep_learning_datasets\deep_learning\data\keypoints\v_0065.npy,v,30,v_0005.mp4,76,32,ok
D:\deep_learning_datasets\deep_learning\data\keypoints\v_0066.npy,v,30,v_0006.mp4,77,40,ok
D:\deep_learning_datasets\deep_learning\data\keypoints\v_0067.npy,v,30,v_0007.mp4,76,43,ok
D:\deep_learning_datasets\deep_learning\data\keypoints\v_0068.npy,v,30,v_0008.mp4,76,47,ok
D:\deep_learning_datasets\deep_learning\data\keypoints\v_0069.npy,v,30,v_0009.mp4,76,36,ok
D:\deep_learning_datasets\deep_learning\data\keypoints\v_0070.npy,v,30,v_0010.mp4,76,37,ok
D:\deep_learning_datasets\deep_learning\data\keypoints\v_0071.npy,v,30,v_0011.mp4,77,44,ok
D:\deep_learning_datasets\deep_learning\data\keypoints\v_0072.npy,v,30,v_0012.mp4,76,46,ok
D:\deep_learning_datasets\deep_learning\data\keypoints\v_0073.npy,v,30,v_0013.mp4,76,48,ok
D:\deep_learning_datasets\deep_learning\data\keypoints\v_0074.npy,v,30,v_0014.mp4,76,41,ok
D:\deep_learning_datasets\deep_learning\data\keypoints\v_0075.npy,v,30,v_0015.mp4,76,45,ok
D:\deep_learning_datasets\deep_learning\data\keypoints\v_0076.npy,v,30,v_0016.mp4,76,42,ok
D:\deep_learning_datasets\deep_learning\data\keypoints\v_0077.npy,v,30,v_0017.mp4,76,41,ok
D:\deep_learning_datasets\deep_learning\data\keypoints\v_0078.npy,v,30,v_0018.mp4,77,48,ok
D:\deep_learning_datasets\deep_learning\data\keypoints\v_0079.npy,v,30,v_0019.mp4,76,36,ok
D:\deep_learning_datasets\deep_learning\data\keypoints\v_0080.npy,v,30,v_0020.mp4,77,34,ok
D:\deep_learning_datasets\deep_learning\data\keypoints\x_0000.npy,x,31,D0517N.mp4,106,42,ok
D:\deep_learning_datasets\deep_learning\data\keypoints\x_0001.npy,x,31,x_0000000.mp4,59,29,ok
D:\deep_learning_datasets\deep_learning\data\keypoints\x_0002.npy,x,31,x_0000001.mp4,63,34,ok
D:\deep_learning_datasets\deep_learning\data\keypoints\x_0003.npy,x,31,x_0000002.mp4,65,37,ok
D:\deep_learning_datasets\deep_learning\data\keypoints\x_0004.npy,x,31,x_0000003.mp4,65,31,ok
D:\deep_learning_datasets\deep_learning\data\keypoints\x_0005.npy,x,31,x_0000004.mp4,75,42,ok
D:\deep_learning_datasets\deep_learning\data\keypoints\x_0006.npy,x,31,x_0000005.mp4,65,28,ok
D:\deep_learning_datasets\deep_learning\data\keypoints\x_0007.npy,x,31,x_0000006.mp4,58,34,ok
D:\deep_learning_datasets\deep_learning\data\keypoints\x_0008.npy,x,31,x_0000007.mp4,64,36,ok
D:\deep_learning_datasets\deep_learning\data\keypoints\x_0009.npy,x,31,x_0000008.mp4,52,28,ok
D:\deep_learning_datasets\deep_learning\data\keypoints\x_0010.npy,x,31,x_0000009.mp4,64,34,ok
D:\deep_learning_datasets\deep_learning\data\keypoints\x_0011.npy,x,31,x_000001.mp4,38,19,ok
D:\deep_learning_datasets\deep_learning\data\keypoints\x_0012.npy,x,31,x_0000010.mp4,68,40,ok
D:\deep_learning_datasets\deep_learning\data\keypoints\x_0013.npy,x,31,x_0000011.mp4,69,38,ok
D:\deep_learning_datasets\deep_learning\data\keypoints\x_0014.npy,x,31,x_0000012.mp4,66,40,ok
D:\deep_learning_datasets\deep_learning\data\keypoints\x_0015.npy,x,31,x_0000013.mp4,69,40,ok
D:\deep_learning_datasets\deep_learning\data\keypoints\x_0016.npy,x,31,x_0000014.mp4,67,39,ok
D:\deep_learning_datasets\deep_learning\data\keypoints\x_0017.npy,x,31,x_0000015.mp4,60,34,ok
D:\deep_learning_datasets\deep_learning\data\keypoints\x_0018.npy,x,31,x_0000016.mp4,63,36,ok
D:\deep_learning_datasets\deep_learning\data\keypoints\x_0019.npy,x,31,x_0000017.mp4,55,35,ok
D:\deep_learning_datasets\deep_learning\data\keypoints\x_0020.npy,x,31,x_0000018.mp4,53,30,ok
D:\deep_learning_datasets\deep_learning\data\keypoints\x_0021.npy,x,31,x_0000019.mp4,70,33,ok
D:\deep_learning_datasets\deep_learning\data\keypoints\x_0022.npy,x,31,x_000002.mp4,38,15,ok
D:\deep_learning_datasets\deep_learning\data\keypoints\x_0023.npy,x,31,x_000003.mp4,33,16,ok
D:\deep_learning_datasets\deep_learning\data\keypoints\x_0024.npy,x,31,x_000004.mp4,29,13,ok
D:\deep_learning_datasets\deep_learning\data\keypoints\x_0025.npy,x,31,x_000005.mp4,27,14,ok
D:\deep_learning_datasets\deep_learning\data\keypoints\x_0026.npy,x,31,x_000006.mp4,31,9,ok
D:\deep_learning_datasets\deep_learning\data\keypoints\x_0027.npy,x,31,x_000007.mp4,33,14,ok
D:\deep_learning_datasets\deep_learning\data\keypoints\x_0028.npy,x,31,x_000008.mp4,50,36,ok
D:\deep_learning_datasets\deep_learning\data\keypoints\x_0029.npy,x,31,x_000009.mp4,33,10,ok
D:\deep_learning_datasets\deep_learning\data\keypoints\x_0030.npy,x,31,x_00001.mp4,51,30,ok
D:\deep_learning_datasets\deep_learning\data\keypoints\x_0031.npy,x,31,x_000010.mp4,50,8,ok
D:\deep_learning_datasets\deep_learning\data\keypoints\x_0032.npy,x,31,x_000011.mp4,29,13,ok
D:\deep_learning_datasets\deep_learning\data\keypoints\x_0033.npy,x,31,x_000012.mp4,31,16,ok
D:\deep_learning_datasets\deep_learning\data\keypoints\x_0034.npy,x,31,x_000013.mp4,26,13,ok
D:\deep_learning_datasets\deep_learning\data\keypoints\x_0035.npy,x,31,x_000014.mp4,27,9,ok
D:\deep_learning_datasets\deep_learning\data\keypoints\x_0036.npy,x,31,x_000015.mp4,26,9,ok
D:\deep_learning_datasets\deep_learning\data\keypoints\x_0037.npy,x,31,x_000016.mp4,27,10,ok
D:\deep_learning_datasets\deep_learning\data\keypoints\x_0038.npy,x,31,x_000017.mp4,29,12,ok
D:\deep_learning_datasets\deep_learning\data\keypoints\x_0039.npy,x,31,x_000018.mp4,30,11,ok
D:\deep_learning_datasets\deep_learning\data\keypoints\x_0040.npy,x,31,x_000019.mp4,31,12,ok
D:\deep_learning_datasets\deep_learning\data\keypoints\x_0041.npy,x,31,x_00002.mp4,32,32,ok
D:\deep_learning_datasets\deep_learning\data\keypoints\x_0042.npy,x,31,x_000020.mp4,35,12,ok
D:\deep_learning_datasets\deep_learning\data\keypoints\x_0043.npy,x,31,x_00003.mp4,54,31,ok
D:\deep_learning_datasets\deep_learning\data\keypoints\x_0044.npy,x,31,x_00004.mp4,38,38,ok
D:\deep_learning_datasets\deep_learning\data\keypoints\x_0045.npy,x,31,x_00005.mp4,53,25,ok
D:\deep_learning_datasets\deep_learning\data\keypoints\x_0046.npy,x,31,x_00006.mp4,58,31,ok
D:\deep_learning_datasets\deep_learning\data\keypoints\x_0047.npy,x,31,x_00007.mp4,54,29,ok
D:\deep_learning_datasets\deep_learning\data\keypoints\x_0048.npy,x,31,x_00008.mp4,56,28,ok
D:\deep_learning_datasets\deep_learning\data\keypoints\x_0049.npy,x,31,x_00009.mp4,46,22,ok
D:\deep_learning_datasets\deep_learning\data\keypoints\x_0050.npy,x,31,x_0001.mp4,76,49,ok
D:\deep_learning_datasets\deep_learning\data\keypoints\x_0051.npy,x,31,x_00010.mp4,46,20,ok
D:\deep_learning_datasets\deep_learning\data\keypoints\x_0052.npy,x,31,x_00011.mp4,47,26,ok
D:\deep_learning_datasets\deep_learning\data\keypoints\x_0053.npy,x,31,x_00012.mp4,54,31,ok
D:\deep_learning_datasets\deep_learning\data\keypoints\x_0054.npy,x,31,x_00013.mp4,50,25,ok
D:\deep_learning_datasets\deep_learning\data\keypoints\x_0055.npy,x,31,x_00014.mp4,40,20,ok
D:\deep_learning_datasets\deep_learning\data\keypoints\x_0056.npy,x,31,x_00015.mp4,49,33,ok
D:\deep_learning_datasets\deep_learning\data\keypoints\x_0057.npy,x,31,x_00016.mp4,34,13,ok
D:\deep_learning_datasets\deep_learning\data\keypoints\x_0058.npy,x,31,x_00017.mp4,44,25,ok
D:\deep_learning_datasets\deep_learning\data\keypoints\x_0059.npy,x,31,x_00018.mp4,48,27,ok
D:\deep_learning_datasets\deep_learning\data\keypoints\x_0060.npy,x,31,x_00019.mp4,46,26,ok
D:\deep_learning_datasets\deep_learning\data\keypoints\x_0061.npy,x,31,x_0002.mp4,76,49,ok
D:\deep_learning_datasets\deep_learning\data\keypoints\x_0062.npy,x,31,x_00020.mp4,48,31,ok
D:\deep_learning_datasets\deep_learning\data\keypoints\x_0063.npy,x,31,x_0003.mp4,75,41,ok
D:\deep_learning_datasets\deep_learning\data\keypoints\x_0064.npy,x,31,x_0004.mp4,77,68,ok
D:\deep_learning_datasets\deep_learning\data\keypoints\x_0065.npy,x,31,x_0005.mp4,76,46,ok
D:\deep_learning_datasets\deep_learning\data\keypoints\x_0066.npy,x,31,x_0006.mp4,77,37,ok
D:\deep_learning_datasets\deep_learning\data\keypoints\x_0067.npy,x,31,x_0007.mp4,77,44,ok
D:\deep_learning_datasets\deep_learning\data\keypoints\x_0068.npy,x,31,x_0008.mp4,77,50,ok
D:\deep_learning_datasets\deep_learning\data\keypoints\x_0069.npy,x,31,x_0009.mp4,77,46,ok
D:\deep_learning_datasets\deep_learning\data\keypoints\x_0070.npy,x,31,x_0010.mp4,76,42,ok
D:\deep_learning_datasets\deep_learning\data\keypoints\x_0071.npy,x,31,x_0011.mp4,76,42,ok
D:\deep_learning_datasets\deep_learning\data\keypoints\x_0072.npy,x,31,x_0012.mp4,76,41,ok
D:\deep_learning_datasets\deep_learning\data\keypoints\x_0073.npy,x,31,x_0013.mp4,76,47,ok
D:\deep_learning_datasets\deep_learning\data\keypoints\x_0074.npy,x,31,x_0014.mp4,76,46,ok
D:\deep_learning_datasets\deep_learning\data\keypoints\x_0075.npy,x,31,x_0015.mp4,77,41,ok
D:\deep_learning_datasets\deep_learning\data\keypoints\x_0076.npy,x,31,x_0016.mp4,76,37,ok
D:\deep_learning_datasets\deep_learning\data\keypoints\x_0077.npy,x,31,x_0017.mp4,76,37,ok
D:\deep_learning_datasets\deep_learning\data\keypoints\x_0078.npy,x,31,x_0018.mp4,76,48,ok
D:\deep_learning_datasets\deep_learning\data\keypoints\x_0079.npy,x,31,x_0019.mp4,77,41,ok
D:\deep_learning_datasets\deep_learning\data\keypoints\x_0080.npy,x,31,x_0020.mp4,76,56,ok
D:\deep_learning_datasets\deep_learning\data\keypoints\y_0000.npy,y,32,D0518N.mp4,64,30,ok
D:\deep_learning_datasets\deep_learning\data\keypoints\y_0001.npy,y,32,y_0000000.mp4,55,31,ok
D:\deep_learning_datasets\deep_learning\data\keypoints\y_0002.npy,y,32,y_0000001.mp4,60,36,ok
D:\deep_learning_datasets\deep_learning\data\keypoints\y_0003.npy,y,32,y_0000002.mp4,59,33,ok
D:\deep_learning_datasets\deep_learning\data\keypoints\y_0004.npy,y,32,y_0000003.mp4,56,38,ok
D:\deep_learning_datasets\deep_learning\data\keypoints\y_0005.npy,y,32,y_0000004.mp4,69,44,ok
D:\deep_learning_datasets\deep_learning\data\keypoints\y_0006.npy,y,32,y_0000005.mp4,55,33,ok
D:\deep_learning_datasets\deep_learning\data\keypoints\y_0007.npy,y,32,y_0000006.mp4,58,34,ok
D:\deep_learning_datasets\deep_learning\data\keypoints\y_0008.npy,y,32,y_0000007.mp4,57,26,ok
D:\deep_learning_datasets\deep_learning\data\keypoints\y_0009.npy,y,32,y_0000008.mp4,60,34,ok
D:\deep_learning_datasets\deep_learning\data\keypoints\y_0010.npy,y,32,y_0000009.mp4,43,43,ok
D:\deep_learning_datasets\deep_learning\data\keypoints\y_0011.npy,y,32,y_000001.mp4,27,10,ok
D:\deep_learning_datasets\deep_learning\data\keypoints\y_0012.npy,y,32,y_0000010.mp4,68,40,ok
D:\deep_learning_datasets\deep_learning\data\keypoints\y_0013.npy,y,32,y_0000011.mp4,70,46,ok
D:\deep_learning_datasets\deep_learning\data\keypoints\y_0014.npy,y,32,y_0000012.mp4,60,37,ok
D:\deep_learning_datasets\deep_learning\data\keypoints\y_0015.npy,y,32,y_0000013.mp4,64,38,ok
D:\deep_learning_datasets\deep_learning\data\keypoints\y_0016.npy,y,32,y_0000014.mp4,58,35,ok
D:\deep_learning_datasets\deep_learning\data\keypoints\y_0017.npy,y,32,y_0000015.mp4,53,40,ok
D:\deep_learning_datasets\deep_learning\data\keypoints\y_0018.npy,y,32,y_0000016.mp4,58,36,ok
D:\deep_learning_datasets\deep_learning\data\keypoints\y_0019.npy,y,32,y_0000017.mp4,56,36,ok
D:\deep_learning_datasets\deep_learning\data\keypoints\y_0020.npy,y,32,y_0000018.mp4,46,27,ok
D:\deep_learning_datasets\deep_learning\data\keypoints\y_0021.npy,y,32,y_0000019.mp4,48,30,ok
D:\deep_learning_datasets\deep_learning\data\keypoints\y_0022.npy,y,32,y_000002.mp4,29,13,ok
D:\deep_learning_datasets\deep_learning\data\keypoints\y_0023.npy,y,32,y_000003.mp4,26,10,ok
D:\deep_learning_datasets\deep_learning\data\keypoints\y_0024.npy,y,32,y_000004.mp4,28,11,ok
D:\deep_learning_datasets\deep_learning\data\keypoints\y_0025.npy,y,32,y_000005.mp4,24,13,ok
D:\deep_learning_datasets\deep_learning\data\keypoints\y_0026.npy,y,32,y_000006.mp4,26,10,ok
D:\deep_learning_datasets\deep_learning\data\keypoints\y_0027.npy,y,32,y_000007.mp4,24,12,ok
D:\deep_learning_datasets\deep_learning\data\keypoints\y_0028.npy,y,32,y_000008.mp4,32,17,ok
D:\deep_learning_datasets\deep_learning\data\keypoints\y_0029.npy,y,32,y_000009.mp4,29,16,ok
D:\deep_learning_datasets\deep_learning\data\keypoints\y_0030.npy,y,32,y_00001.mp4,65,46,ok
D:\deep_learning_datasets\deep_learning\data\keypoints\y_0031.npy,y,32,y_000010.mp4,17,0,no_hand_detected
D:\deep_learning_datasets\deep_learning\data\keypoints\y_0032.npy,y,32,y_000011.mp4,27,11,ok
D:\deep_learning_datasets\deep_learning\data\keypoints\y_0033.npy,y,32,y_000012.mp4,34,19,ok
D:\deep_learning_datasets\deep_learning\data\keypoints\y_0034.npy,y,32,y_000013.mp4,28,13,ok
D:\deep_learning_datasets\deep_learning\data\keypoints\y_0035.npy,y,32,y_000014.mp4,29,10,ok
D:\deep_learning_datasets\deep_learning\data\keypoints\y_0036.npy,y,32,y_000015.mp4,34,10,ok
D:\deep_learning_datasets\deep_learning\data\keypoints\y_0037.npy,y,32,y_000016.mp4,31,14,ok
D:\deep_learning_datasets\deep_learning\data\keypoints\y_0038.npy,y,32,y_000017.mp4,30,13,ok
D:\deep_learning_datasets\deep_learning\data\keypoints\y_0039.npy,y,32,y_000018.mp4,29,11,ok
D:\deep_learning_datasets\deep_learning\data\keypoints\y_0040.npy,y,32,y_000019.mp4,30,10,ok
D:\deep_learning_datasets\deep_learning\data\keypoints\y_0041.npy,y,32,y_00002.mp4,60,37,ok
D:\deep_learning_datasets\deep_learning\data\keypoints\y_0042.npy,y,32,y_000020.mp4,30,15,ok
D:\deep_learning_datasets\deep_learning\data\keypoints\y_0043.npy,y,32,y_00003.mp4,51,27,ok
D:\deep_learning_datasets\deep_learning\data\keypoints\y_0044.npy,y,32,y_00004.mp4,54,29,ok
D:\deep_learning_datasets\deep_learning\data\keypoints\y_0045.npy,y,32,y_00005.mp4,44,44,ok
D:\deep_learning_datasets\deep_learning\data\keypoints\y_0046.npy,y,32,y_00006.mp4,49,42,ok
D:\deep_learning_datasets\deep_learning\data\keypoints\y_0047.npy,y,32,y_00007.mp4,60,41,ok
D:\deep_learning_datasets\deep_learning\data\keypoints\y_0048.npy,y,32,y_00008.mp4,47,29,ok
D:\deep_learning_datasets\deep_learning\data\keypoints\y_0049.npy,y,32,y_00009.mp4,56,33,ok
D:\deep_learning_datasets\deep_learning\data\keypoints\y_0050.npy,y,32,y_0001.mp4,76,52,ok
D:\deep_learning_datasets\deep_learning\data\keypoints\y_0051.npy,y,32,y_00010.mp4,44,30,ok
D:\deep_learning_datasets\deep_learning\data\keypoints\y_0052.npy,y,32,y_00011.mp4,46,31,ok
D:\deep_learning_datasets\deep_learning\data\keypoints\y_0053.npy,y,32,y_00012.mp4,46,31,ok
D:\deep_learning_datasets\deep_learning\data\keypoints\y_0054.npy,y,32,y_00013.mp4,34,34,ok
D:\deep_learning_datasets\deep_learning\data\keypoints\y_0055.npy,y,32,y_00014.mp4,52,36,ok
D:\deep_learning_datasets\deep_learning\data\keypoints\y_0056.npy,y,32,y_00015.mp4,56,33,ok
D:\deep_learning_datasets\deep_learning\data\keypoints\y_0057.npy,y,32,y_00016.mp4,45,28,ok
D:\deep_learning_datasets\deep_learning\data\keypoints\y_0058.npy,y,32,y_00017.mp4,43,28,ok
D:\deep_learning_datasets\deep_learning\data\keypoints\y_0059.npy,y,32,y_00018.mp4,41,29,ok
D:\deep_learning_datasets\deep_learning\data\keypoints\y_0060.npy,y,32,y_00019.mp4,32,32,ok
D:\deep_learning_datasets\deep_learning\data\keypoints\y_0061.npy,y,32,y_0002.mp4,76,52,ok
D:\deep_learning_datasets\deep_learning\data\keypoints\y_0062.npy,y,32,y_00020.mp4,39,32,ok
D:\deep_learning_datasets\deep_learning\data\keypoints\y_0063.npy,y,32,y_0003.mp4,74,74,ok
D:\deep_learning_datasets\deep_learning\data\keypoints\y_0064.npy,y,32,y_0004.mp4,76,72,ok
D:\deep_learning_datasets\deep_learning\data\keypoints\y_0065.npy,y,32,y_0005.mp4,76,66,ok
D:\deep_learning_datasets\deep_learning\data\keypoints\y_0066.npy,y,32,y_0006.mp4,76,67,ok
D:\deep_learning_datasets\deep_learning\data\keypoints\y_0067.npy,y,32,y_0007.mp4,76,66,ok
D:\deep_learning_datasets\deep_learning\data\keypoints\y_0068.npy,y,32,y_0008.mp4,76,50,ok
D:\deep_learning_datasets\deep_learning\data\keypoints\y_0069.npy,y,32,y_0009.mp4,77,73,ok
D:\deep_learning_datasets\deep_learning\data\keypoints\y_0070.npy,y,32,y_0010.mp4,76,53,ok
D:\deep_learning_datasets\deep_learning\data\keypoints\y_0071.npy,y,32,y_0011.mp4,76,76,ok
D:\deep_learning_datasets\deep_learning\data\keypoints\y_0072.npy,y,32,y_0012.mp4,76,76,ok
D:\deep_learning_datasets\deep_learning\data\keypoints\y_0073.npy,y,32,y_0013.mp4,76,51,ok
D:\deep_learning_datasets\deep_learning\data\keypoints\y_0074.npy,y,32,y_0014.mp4,77,71,ok
D:\deep_learning_datasets\deep_learning\data\keypoints\y_0075.npy,y,32,y_0015.mp4,77,67,ok
D:\deep_learning_datasets\deep_learning\data\keypoints\y_0076.npy,y,32,y_0016.mp4,77,66,ok
D:\deep_learning_datasets\deep_learning\data\keypoints\y_0077.npy,y,32,y_0017.mp4,77,75,ok
D:\deep_learning_datasets\deep_learning\data\keypoints\y_0078.npy,y,32,y_0018.mp4,76,76,ok
D:\deep_learning_datasets\deep_learning\data\keypoints\y_0079.npy,y,32,y_0019.mp4,77,61,ok
D:\deep_learning_datasets\deep_learning\data\keypoints\y_0080.npy,y,32,y_0020.mp4,75,72,ok
